Workbook

Sheet Unit Prices
A2: HASSAN ALLAM CONSTRUCTION
A3: SUPPORT DIVISION
A4: FORMWORK AND SCAFFOLDING DEPARTMENT
A5: 10th OF RAMADAN SECTOR
A7: FORMWORK AND SCAFFOLDING ITEMS PRICES LIST
A8: No | B8: ASSET CODE | C8: FULL SERIAL | D8: ITEMS NAME | E8: INTERNAL HIRE RATE | F8: EXTERNAL HIRE RATE | G8: UNIT PURCHASE PRICE
A9: 1 | B9: ='[1]FWSCAF-Master Data 2021'!B9 -> CK0021 | C9: ='[1]FWSCAF-Master Data 2021'!C9 -> 14.80.02.19.06.05.00.000001 | D9: ='[1]FWSCAF-Master Data 2021'!D9 -> cuplock Vertical 0.5M | E9: ='[1]FWSCAF-Master Data 2021'!E9 -> 2.55645 | F9: ='[1]FWSCAF-Master Data 2021'!F9 -> 2.691 | G9: ='[1]FWSCAF-Master Data 2021'!G9 -> 90.25
A10: 2 | B10: ='[1]FWSCAF-Master Data 2021'!B10 -> CK0018 | C10: ='[1]FWSCAF-Master Data 2021'!C10 -> 14.80.02.19.06.01.00.000001 | D10: ='[1]FWSCAF-Master Data 2021'!D10 -> cuplock Vertical 1M | E10: ='[1]FWSCAF-Master Data 2021'!E10 -> 5.119075 | F10: ='[1]FWSCAF-Master Data 2021'!F10 -> 5.3885 | G10: ='[1]FWSCAF-Master Data 2021'!G10 -> 179
A11: 3 | B11: ='[1]FWSCAF-Master Data 2021'!B11 -> CK0022 | C11: ='[1]FWSCAF-Master Data 2021'!C11 -> 14.80.02.19.06.13.00.000001 | D11: ='[1]FWSCAF-Master Data 2021'!D11 -> cuplock Vertical 1.3M | E11: ='[1]FWSCAF-Master Data 2021'!E11 -> 7.020975 | F11: ='[1]FWSCAF-Master Data 2021'!F11 -> 7.3905 | G11: ='[1]FWSCAF-Master Data 2021'!G11 -> 255
A12: 4 | B12: ='[1]FWSCAF-Master Data 2021'!B12 -> CK0023 | C12: ='[1]FWSCAF-Master Data 2021'!C12 -> 14.80.02.19.06.15.00.000001 | D12: ='[1]FWSCAF-Master Data 2021'!D12 -> cuplock Vertical 1.5M | E12: ='[1]FWSCAF-Master Data 2021'!E12 -> 7.675525 | F12: ='[1]FWSCAF-Master Data 2021'!F12 -> 8.0795 | G12: ='[1]FWSCAF-Master Data 2021'!G12 -> 268.25
A13: 5 | B13: ='[1]FWSCAF-Master Data 2021'!B13 -> CK0024 | C13: ='[1]FWSCAF-Master Data 2021'!C13 -> 14.80.02.19.06.18.00.000001 | D13: ='[1]FWSCAF-Master Data 2021'!D13 -> cuplock Vertical 1.8M | E13: ='[1]FWSCAF-Master Data 2021'!E13 -> 9.577425 | F13: ='[1]FWSCAF-Master Data 2021'!F13 -> 10.0815 | G13: ='[1]FWSCAF-Master Data 2021'!G13 -> 325
A14: 6 | B14: ='[1]FWSCAF-Master Data 2021'!B14 -> CK0019 | C14: ='[1]FWSCAF-Master Data 2021'!C14 -> 14.80.02.19.06.02.00.000001 | D14: ='[1]FWSCAF-Master Data 2021'!D14 -> cuplock Vertical 2M | E14: ='[1]FWSCAF-Master Data 2021'!E14 -> 10.231975 | F14: ='[1]FWSCAF-Master Data 2021'!F14 -> 10.7705 | G14: ='[1]FWSCAF-Master Data 2021'!G14 -> 357
A15: 7 | B15: ='[1]FWSCAF-Master Data 2021'!B15 -> CK0025 | C15: ='[1]FWSCAF-Master Data 2021'!C15 -> 14.80.02.19.06.23.00.000001 | D15: ='[1]FWSCAF-Master Data 2021'!D15 -> cuplock Vertical 2.3M | E15: ='[1]FWSCAF-Master Data 2021'!E15 -> 12.133875 | F15: ='[1]FWSCAF-Master Data 2021'!F15 -> 12.7725 | G15: ='[1]FWSCAF-Master Data 2021'!G15 -> 425
A16: 8 | B16: ='[1]FWSCAF-Master Data 2021'!B16 -> CK0026 | C16: ='[1]FWSCAF-Master Data 2021'!C16 -> 14.80.02.19.06.25.00.000001 | D16: ='[1]FWSCAF-Master Data 2021'!D16 -> cuplock Vertical 2.5M | E16: ='[1]FWSCAF-Master Data 2021'!E16 -> 12.7946 | F16: ='[1]FWSCAF-Master Data 2021'!F16 -> 13.468 | G16: ='[1]FWSCAF-Master Data 2021'!G16 -> 439.5
A17: 9 | B17: ='[1]FWSCAF-Master Data 2021'!B17 -> CK0027 | C17: ='[1]FWSCAF-Master Data 2021'!C17 -> 14.80.02.19.06.28.00.000001 | D17: ='[1]FWSCAF-Master Data 2021'!D17 -> cuplock Vertical 2.8M | E17: ='[1]FWSCAF-Master Data 2021'!E17 -> 14.028438 | F17: ='[1]FWSCAF-Master Data 2021'!F17 -> 18.2 | G17: ='[1]FWSCAF-Master Data 2021'!G17 -> 520
A18: 10 | B18: ='[1]FWSCAF-Master Data 2021'!B18 -> CK0020 | C18: ='[1]FWSCAF-Master Data 2021'!C18 -> 14.80.02.19.06.03.00.000001 | D18: ='[1]FWSCAF-Master Data 2021'!D18 -> cuplock Vertical 3M | E18: ='[1]FWSCAF-Master Data 2021'!E18 -> 14.028438 | F18: ='[1]FWSCAF-Master Data 2021'!F18 -> 16.159 | G18: ='[1]FWSCAF-Master Data 2021'!G18 -> 535.5
A19: 11 | B19: ='[1]FWSCAF-Master Data 2021'!B19 -> CL0001 | C19: ='[1]FWSCAF-Master Data 2021'!C19 -> 14.80.50.24.01.00.00.000001 | D19: ='[1]FWSCAF-Master Data 2021'!D19 -> cuplock Spigot | E19: ='[1]FWSCAF-Master Data 2021'!E19 -> 1.275 | F19: ='[1]FWSCAF-Master Data 2021'!F19 -> 1.5 | G19: ='[1]FWSCAF-Master Data 2021'!G19 -> 22
A20: 12 | B20: ='[1]FWSCAF-Master Data 2021'!B20 -> CK0006 | C20: ='[1]FWSCAF-Master Data 2021'!C20 -> 14.80.02.19.04.04.00.000001 | D20: ='[1]FWSCAF-Master Data 2021'!D20 -> cuplock Ledger 0.4M | E20: ='[1]FWSCAF-Master Data 2021'!E20 -> 1.71665 | F20: ='[1]FWSCAF-Master Data 2021'!F20 -> 1.807 | G20: ='[1]FWSCAF-Master Data 2021'!G20 -> 65
... A1045: 1037 | B1045: ='[1]FWSCAF-Master Data 2021'!B1045 -> 0 | C1045: ='[1]FWSCAF-Master Data 2021'!C1045 -> 0 | D1045: ='[1]FWSCAF-Master Data 2021'!D1045 -> #N/A | E1045: ='[1]FWSCAF-Master Data 2021'!E1045 -> 0 | F1045: ='[1]FWSCAF-Master Data 2021'!F1045 -> 0 | G1045: ='[1]FWSCAF-Master Data 2021'!G1045 -> 0

Sheet PR-Format
A1: Project Name: | D1: Slab | E1: 0 | F1: =$C$6*E1 -> 0 | I1: =E1 -> 0 | J1: =E1 -> 0 | P1: =I1 -> 0
D2: Walls and Colums | E2: 0 | F2: =$C$6*E2 -> 0 | I2: =E2 -> 0 | J2: =E2 -> 0 | P2: =I2 -> 0
A3: PR# No: | D3: Scaffolding | E3: 0 | F3: =$C$6*E3 -> 0 | I3: =E3 -> 0 | J3: =E3 -> 0 | P3: =I3 -> 0
A4: PR# Date: | D4: Safety | E4: 0 | F4: =$C$6*E4 -> 0 | I4: =E4 -> 0 | J4: =E4 -> 0 | M4: Return Qty | P4: =I4 -> 0
A5: PR# For: | D5: Recived/Transfer Date:
A6: Area: | D6: Store Voucher No:
A8: No | B8: ASSET CODE | C8: FULL SERIAL | D8: ITEMS NAME | E8: Req Qty | I8: Send Qty | J8: Remain Qty | K8: Remarks | P8: T.Return
A9: 1 | B9: ='Unit Prices'!B9 -> CK0021 | C9: ='Unit Prices'!C9 -> 14.80.02.19.06.05.00.000001 | D9: ='Unit Prices'!D9 -> cuplock Vertical 0.5M | I9: =SUM(F9:H9) -> 0 | J9: =E9-I9 -> 0 | P9: =SUM(M9:O9) -> 0
A10: 2 | B10: ='Unit Prices'!B10 -> CK0018 | C10: ='Unit Prices'!C10 -> 14.80.02.19.06.01.00.000001 | D10: ='Unit Prices'!D10 -> cuplock Vertical 1M | I10: =SUM(F10:H10) -> 0 | J10: =E10-I10 -> 0 | P10: =SUM(M10:O10) -> 0
A11: 3 | B11: ='Unit Prices'!B11 -> CK0022 | C11: ='Unit Prices'!C11 -> 14.80.02.19.06.13.00.000001 | D11: ='Unit Prices'!D11 -> cuplock Vertical 1.3M | I11: =SUM(F11:H11) -> 0 | J11: =E11-I11 -> 0 | P11: =SUM(M11:O11) -> 0
A12: 4 | B12: ='Unit Prices'!B12 -> CK0023 | C12: ='Unit Prices'!C12 -> 14.80.02.19.06.15.00.000001 | D12: ='Unit Prices'!D12 -> cuplock Vertical 1.5M | I12: =SUM(F12:H12) -> 0 | J12: =E12-I12 -> 0 | P12: =SUM(M12:O12) -> 0
A13: 5 | B13: ='Unit Prices'!B13 -> CK0024 | C13: ='Unit Prices'!C13 -> 14.80.02.19.06.18.00.000001 | D13: ='Unit Prices'!D13 -> cuplock Vertical 1.8M | I13: =SUM(F13:H13) -> 0 | J13: =E13-I13 -> 0 | P13: =SUM(M13:O13) -> 0
A14: 6 | B14: ='Unit Prices'!B14 -> CK0019 | C14: ='Unit Prices'!C14 -> 14.80.02.19.06.02.00.000001 | D14: ='Unit Prices'!D14 -> cuplock Vertical 2M | I14: =SUM(F14:H14) -> 0 | J14: =E14-I14 -> 0 | P14: =SUM(M14:O14) -> 0
A15: 7 | B15: ='Unit Prices'!B15 -> CK0025 | C15: ='Unit Prices'!C15 -> 14.80.02.19.06.23.00.000001 | D15: ='Unit Prices'!D15 -> cuplock Vertical 2.3M | I15: =SUM(F15:H15) -> 0 | J15: =E15-I15 -> 0 | P15: =SUM(M15:O15) -> 0
A16: 8 | B16: ='Unit Prices'!B16 -> CK0026 | C16: ='Unit Prices'!C16 -> 14.80.02.19.06.25.00.000001 | D16: ='Unit Prices'!D16 -> cuplock Vertical 2.5M | I16: =SUM(F16:H16) -> 0 | J16: =E16-I16 -> 0 | P16: =SUM(M16:O16) -> 0
A17: 9 | B17: ='Unit Prices'!B17 -> CK0027 | C17: ='Unit Prices'!C17 -> 14.80.02.19.06.28.00.000001 | D17: ='Unit Prices'!D17 -> cuplock Vertical 2.8M | I17: =SUM(F17:H17) -> 0 | J17: =E17-I17 -> 0 | P17: =SUM(M17:O17) -> 0
A18: 10 | B18: ='Unit Prices'!B18 -> CK0020 | C18: ='Unit Prices'!C18 -> 14.80.02.19.06.03.00.000001 | D18: ='Unit Prices'!D18 -> cuplock Vertical 3M | I18: =SUM(F18:H18) -> 0 | J18: =E18-I18 -> 0 | P18: =SUM(M18:O18) -> 0
A19: 11 | B19: ='Unit Prices'!B19 -> CL0001 | C19: ='Unit Prices'!C19 -> 14.80.50.24.01.00.00.000001 | D19: ='Unit Prices'!D19 -> cuplock Spigot | I19: =SUM(F19:H19) -> 0 | J19: =E19-I19 -> 0 | P19: =SUM(M19:O19) -> 0
A20: 12 | B20: ='Unit Prices'!B20 -> CK0006 | C20: ='Unit Prices'!C20 -> 14.80.02.19.04.04.00.000001 | D20: ='Unit Prices'!D20 -> cuplock Ledger 0.4M | I20: =SUM(F20:H20) -> 0 | J20: =E20-I20 -> 0 | P20: =SUM(M20:O20) -> 0
... A758: 750 | B758: ='Unit Prices'!B758 -> 0 | C758: ='Unit Prices'!C758 -> 0 | D758: ='Unit Prices'!D758 -> #N/A | I758: =SUM(F758:H758) -> 0 | J758: =E758-I758 -> 0 | P758: =SUM(M758:O758) -> 0

Sheet 9400015894 PONEERS
A1: Project Name: | D1: Slab | E1: 1 | F1: =$C$6*E1 -> 0 | X1: =E1 -> 1 | Y1: =E1 -> 1 | AE1: =E1 -> 1
D2: Walls and Colums | E2: 0 | F2: =$C$6*E2 -> 0 | X2: =E2 -> 0 | Y2: =E2 -> 0 | AE2: =E2 -> 0
A3: PR# No: | C3: 70027046 | D3: Scaffolding | E3: 0 | F3: =$C$6*E3 -> 0 | X3: =E3 -> 0 | Y3: =E3 -> 0 | AE3: =E3 -> 0
A4: PR# Date: | C4: 46112 | D4: Safety | E4: 0 | F4: =$C$6*E4 -> 0 | K4: 1175 | M4: 1177 | N4: 1178 | T4: 1185 | X4: =E4 -> 0 | Y4: =E4 -> 0 | AB4: Return Qty | AE4: =E4 -> 0
A5: PR# For: | D5: Recived/Transfer Date: | F5: 46118 | G5: 46148 | H5: 46193 | I5: 46193 | J5: 46233 | K5: 46253 | L5: 46254 | M5: 46258 | N5: 46258 | O5: 46259 | P5: 46259 | Q5: 46260 | R5: 46266 | S5: 46266 | T5: 46267 | U5: 46287 | V5: 46287
A6: Area: | D6: Store Voucher No: | F6: 1167 | G6: 6299 | H6: 1173 | I6: 1172 | J6: 452 | L6: 1176
F7: Zone.G 400K | G7: Bab Misr | H7: 3407 | I7: 3406 | K7: Al Ayat (185) | M7: SOUL.1 (626) | N7: SOUL.1 (627) | O7: Al Ayat (187) | P7: Al Ayat (188) | Q7: NC.WWTP (1363) | R7: Belbies (1003) | S7: NCWWTP (1364) | T7: Stem Cells (759) | U7: Belbies (1004) | V7: Belbies (1005)
A8: No | B8: ASSET CODE | C8: FULL SERIAL | D8: ITEMS NAME | E8: Req Qty | F8: PIONEERS | G8: PIONEERS | H8: PIONEERS | I8: PIONEERS | J8: PIONEERS | K8: PIONEERS | L8: PIONEERS | M8: PIONEERS | N8: PIONEERS | O8: PIONEERS | P8: PIONEERS | Q8: PIONEERS | R8: PIONEERS | S8: PIONEERS | T8: PIONEERS | U8: PIONEERS | V8: PIONEERS | X8: Send Qty | Y8: Remain Qty | Z8: Remarks | AE8: T.Return
A9: 1 | B9: ='Unit Prices'!B9 -> CK0021 | C9: ='Unit Prices'!C9 -> 14.80.02.19.06.05.00.000001 | D9: ='Unit Prices'!D9 -> cuplock Vertical 0.5M | X9: =SUM(F9:W9) -> 0 | Y9: =E9-X9 -> 0 | AE9: =SUM(AB9:AD9) -> 0
A10: 2 | B10: ='Unit Prices'!B10 -> CK0018 | C10: ='Unit Prices'!C10 -> 14.80.02.19.06.01.00.000001 | D10: ='Unit Prices'!D10 -> cuplock Vertical 1M | X10: =SUM(F10:W10) -> 0 | Y10: =E10-X10 -> 0 | AE10: =SUM(AB10:AD10) -> 0
A11: 3 | B11: ='Unit Prices'!B11 -> CK0022 | C11: ='Unit Prices'!C11 -> 14.80.02.19.06.13.00.000001 | D11: ='Unit Prices'!D11 -> cuplock Vertical 1.3M | X11: =SUM(F11:W11) -> 0 | Y11: =E11-X11 -> 0 | AE11: =SUM(AB11:AD11) -> 0
A12: 4 | B12: ='Unit Prices'!B12 -> CK0023 | C12: ='Unit Prices'!C12 -> 14.80.02.19.06.15.00.000001 | D12: ='Unit Prices'!D12 -> cuplock Vertical 1.5M | E12: =265+100 -> 365 | F12: 265 | K12: 4 | L12: 4 | U12: 100 | X12: =SUM(F12:W12) -> 373 | Y12: =E12-X12 -> -8 | AE12: =SUM(AB12:AD12) -> 0
A13: 5 | B13: ='Unit Prices'!B13 -> CK0024 | C13: ='Unit Prices'!C13 -> 14.80.02.19.06.18.00.000001 | D13: ='Unit Prices'!D13 -> cuplock Vertical 1.8M | X13: =SUM(F13:W13) -> 0 | Y13: =E13-X13 -> 0 | AE13: =SUM(AB13:AD13) -> 0
A14: 6 | B14: ='Unit Prices'!B14 -> CK0019 | C14: ='Unit Prices'!C14 -> 14.80.02.19.06.02.00.000001 | D14: ='Unit Prices'!D14 -> cuplock Vertical 2M | E14: =56+50 -> 106 | F14: 56 | O14: 20 | X14: =SUM(F14:W14) -> 76 | Y14: =E14-X14 -> 30 | AE14: =SUM(AB14:AD14) -> 0
A15: 7 | B15: ='Unit Prices'!B15 -> CK0025 | C15: ='Unit Prices'!C15 -> 14.80.02.19.06.23.00.000001 | D15: ='Unit Prices'!D15 -> cuplock Vertical 2.3M | X15: =SUM(F15:W15) -> 0 | Y15: =E15-X15 -> 0 | AE15: =SUM(AB15:AD15) -> 0
A16: 8 | B16: ='Unit Prices'!B16 -> CK0026 | C16: ='Unit Prices'!C16 -> 14.80.02.19.06.25.00.000001 | D16: ='Unit Prices'!D16 -> cuplock Vertical 2.5M | E16: 370 | M16: 4 | S16: 165 | X16: =SUM(F16:W16) -> 169 | Y16: =E16-X16 -> 201 | AE16: =SUM(AB16:AD16) -> 0
A17: 9 | B17: ='Unit Prices'!B17 -> CK0027 | C17: ='Unit Prices'!C17 -> 14.80.02.19.06.28.00.000001 | D17: ='Unit Prices'!D17 -> cuplock Vertical 2.8M | X17: =SUM(F17:W17) -> 0 | Y17: =E17-X17 -> 0 | AE17: =SUM(AB17:AD17) -> 0
A18: 10 | B18: ='Unit Prices'!B18 -> CK0020 | C18: ='Unit Prices'!C18 -> 14.80.02.19.06.03.00.000001 | D18: ='Unit Prices'!D18 -> cuplock Vertical 3M | E18: 3000 | F18: 43 | K18: 320 | L18: 135 | O18: 770 | S18: 238 | X18: =SUM(F18:W18) -> 1506 | Y18: =E18-X18 -> 1494 | AE18: =SUM(AB18:AD18) -> 0
A19: 11 | B19: ='Unit Prices'!B19 -> CL0001 | C19: ='Unit Prices'!C19 -> 14.80.50.24.01.00.00.000001 | D19: ='Unit Prices'!D19 -> cuplock Spigot | X19: =SUM(F19:W19) -> 0 | Y19: =E19-X19 -> 0 | AE19: =SUM(AB19:AD19) -> 0
A20: 12 | B20: ='Unit Prices'!B20 -> CK0006 | C20: ='Unit Prices'!C20 -> 14.80.02.19.04.04.00.000001 | D20: ='Unit Prices'!D20 -> cuplock Ledger 0.4M | X20: =SUM(F20:W20) -> 0 | Y20: =E20-X20 -> 0 | AE20: =SUM(AB20:AD20) -> 0
A21: 13 | B21: ='Unit Prices'!B21 -> CK0007 | C21: ='Unit Prices'!C21 -> 14.80.02.19.04.06.00.000001 | D21: ='Unit Prices'!D21 -> cuplock Ledger 0.6M | E21: 157 | X21: =SUM(F21:W21) -> 0 | Y21: =E21-X21 -> 157 | AE21: =SUM(AB21:AD21) -> 0
A22: 14 | B22: ='Unit Prices'!B22 -> CK0028 | C22: ='Unit Prices'!C22 -> 14.80.02.19.04.08.00.000001 | D22: ='Unit Prices'!D22 -> cuplock Ledger 0.80 M | X22: =SUM(F22:W22) -> 0 | Y22: =E22-X22 -> 0 | AE22: =SUM(AB22:AD22) -> 0
A23: 15 | B23: ='Unit Prices'!B23 -> CK0008 | C23: ='Unit Prices'!C23 -> 14.80.02.19.04.09.00.000001 | D23: ='Unit Prices'!D23 -> cuplock Ledger 0.9M | E23: =2575+500 -> 3075 | H23: 849 | I23: 1165 | K23: 7 | L23: 3 | M23: 196 | N23: 10 | O23: 20 | R23: 400 | S23: 407 | V23: 220 | X23: =SUM(F23:W23) -> 3277 | Y23: =E23-X23 -> -202 | AE23: =SUM(AB23:AD23) -> 0
A24: 16 | B24: ='Unit Prices'!B24 -> CK0004 | C24: ='Unit Prices'!C24 -> 14.80.02.19.04.01.00.000001 | D24: ='Unit Prices'!D24 -> cuplock Ledger 1M | E24: 2014 | T24: 200 | X24: =SUM(F24:W24) -> 200 | Y24: =E24-X24 -> 1814 | AE24: =SUM(AB24:AD24) -> 0
A25: 17 | B25: ='Unit Prices'!B25 -> CK0010 | C25: ='Unit Prices'!C25 -> 14.80.02.19.04.12.00.000001 | D25: ='Unit Prices'!D25 -> cuplock Ledger 1.2M | E25: =6451 -> 6451 | K25: 8 | L25: 554 | O25: 820 | R25: 504 | S25: 1004 | U25: 8 | X25: =SUM(F25:W25) -> 2898 | Y25: =E25-X25 -> 3553 | AE25: =SUM(AB25:AD25) -> 0
A26: 18 | B26: ='Unit Prices'!B26 -> CK0009 | C26: ='Unit Prices'!C26 -> 14.80.02.19.04.11.00.000001 | D26: ='Unit Prices'!D26 -> cuplock Ledger 1.25M | X26: =SUM(F26:W26) -> 0 | Y26: =E26-X26 -> 0 | AE26: =SUM(AB26:AD26) -> 0
A27: 19 | B27: ='Unit Prices'!B27 -> CK0011 | C27: ='Unit Prices'!C27 -> 14.80.02.19.04.13.00.000001 | D27: ='Unit Prices'!D27 -> cuplock Ledger 1.3M | X27: =SUM(F27:W27) -> 0 | Y27: =E27-X27 -> 0 | AE27: =SUM(AB27:AD27) -> 0
A28: 20 | B28: ='Unit Prices'!B28 -> CK0012 | C28: ='Unit Prices'!C28 -> 14.80.02.19.04.15.00.000001 | D28: ='Unit Prices'!D28 -> cuplock Ledger 1.5M | E28: =10+500 -> 510 | F28: 2 | S28: 385 | X28: =SUM(F28:W28) -> 387 | Y28: =E28-X28 -> 123 | AE28: =SUM(AB28:AD28) -> 0
A29: 21 | B29: ='Unit Prices'!B29 -> CK0013 | C29: ='Unit Prices'!C29 -> 14.80.02.19.04.16.00.000001 | D29: ='Unit Prices'!D29 -> cuplock Ledger 1.6M | E29: =6000 -> 6000 | P29: 3000 | R29: 500 | X29: =SUM(F29:W29) -> 3500 | Y29: =E29-X29 -> 2500 | AE29: =SUM(AB29:AD29) -> 0
A30: 22 | B30: ='Unit Prices'!B30 -> CK0014 | C30: ='Unit Prices'!C30 -> 14.80.02.19.04.18.00.000001 | D30: ='Unit Prices'!D30 -> cuplock Ledger 1.8M | E30: 200 | M30: 80 | X30: =SUM(F30:W30) -> 80 | Y30: =E30-X30 -> 120 | AE30: =SUM(AB30:AD30) -> 0
A31: 23 | B31: ='Unit Prices'!B31 -> CK0015 | C31: ='Unit Prices'!C31 -> 14.80.02.19.04.21.00.000001 | D31: ='Unit Prices'!D31 -> cuplock Ledger 2.1M | X31: =SUM(F31:W31) -> 0 | Y31: =E31-X31 -> 0 | AE31: =SUM(AB31:AD31) -> 0
A32: 24 | B32: ='Unit Prices'!B32 -> CK0016 | C32: ='Unit Prices'!C32 -> 14.80.02.19.04.24.00.000001 | D32: ='Unit Prices'!D32 -> cuplock Ledger 2.40M | X32: =SUM(F32:W32) -> 0 | Y32: =E32-X32 -> 0 | AE32: =SUM(AB32:AD32) -> 0
A33: 25 | B33: ='Unit Prices'!B33 -> CK0017 | C33: ='Unit Prices'!C33 -> 14.80.02.19.04.25.00.000001 | D33: ='Unit Prices'!D33 -> cuplock Ledger 2.5M | X33: =SUM(F33:W33) -> 0 | Y33: =E33-X33 -> 0 | AE33: =SUM(AB33:AD33) -> 0
A34: 26 | B34: ='Unit Prices'!B34 -> CK0005 | C34: ='Unit Prices'!C34 -> 14.80.02.19.04.03.00.000001 | D34: ='Unit Prices'!D34 -> cuplock Ledger 3M | X34: =SUM(F34:W34) -> 0 | Y34: =E34-X34 -> 0 | AE34: =SUM(AB34:AD34) -> 0
A35: 27 | B35: ='Unit Prices'!B35 -> CK0001 | C35: ='Unit Prices'!C35 -> 14.80.02.19.01.00.00.000001 | D35: ='Unit Prices'!D35 -> cuplock BEAM BRACKET | X35: =SUM(F35:W35) -> 0 | Y35: =E35-X35 -> 0 | AE35: =SUM(AB35:AD35) -> 0
A36: 28 | B36: ='Unit Prices'!B36 -> CK0002 | C36: ='Unit Prices'!C36 -> 14.80.02.19.02.01.00.000001 | D36: ='Unit Prices'!D36 -> cuplock Cantilever Single | X36: =SUM(F36:W36) -> 0 | Y36: =E36-X36 -> 0 | AE36: =SUM(AB36:AD36) -> 0
A37: 29 | B37: ='Unit Prices'!B37 -> CK0003 | C37: ='Unit Prices'!C37 -> 14.80.02.19.02.02.00.000001 | D37: ='Unit Prices'!D37 -> cuplock Cantilever double | X37: =SUM(F37:W37) -> 0 | Y37: =E37-X37 -> 0 | AE37: =SUM(AB37:AD37) -> 0
A38: 30 | B38: ='Unit Prices'!B38 -> CK0029 | C38: ='Unit Prices'!C38 -> 14.80.02.19.08.36.00.000001 | D38: ='Unit Prices'!D38 -> Acrow Unit Beam 3.60 m | X38: =SUM(F38:W38) -> 0 | Y38: =E38-X38 -> 0 | AE38: =SUM(AB38:AD38) -> 0
A39: 31 | B39: ='Unit Prices'!B39 -> CK0030 | C39: ='Unit Prices'!C39 -> 14.80.02.19.08.27.00.000001 | D39: ='Unit Prices'!D39 -> Acrow Unit Beam 2.70 m | X39: =SUM(F39:W39) -> 0 | Y39: =E39-X39 -> 0 | AE39: =SUM(AB39:AD39) -> 0
A40: 32 | B40: ='Unit Prices'!B40 -> CK0031 | C40: ='Unit Prices'!C40 -> 14.80.02.19.08.24.00.000001 | D40: ='Unit Prices'!D40 -> Acrow Unit Beam 2.40 m | X40: =SUM(F40:W40) -> 0 | Y40: =E40-X40 -> 0 | AE40: =SUM(AB40:AD40) -> 0
A41: 33 | B41: ='Unit Prices'!B41 -> SF0001 | C41: ='Unit Prices'!C41 -> 14.80.02.23.03.02.00.000001 | D41: ='Unit Prices'!D41 -> scaffold LADDER 2M | X41: =SUM(F41:W41) -> 0 | Y41: =E41-X41 -> 0 | AE41: =SUM(AB41:AD41) -> 0
A42: 34 | B42: ='Unit Prices'!B42 -> SF0002 | C42: ='Unit Prices'!C42 -> 14.80.02.23.03.03.00.000001 | D42: ='Unit Prices'!D42 -> scaffold LADDER 3M | X42: =SUM(F42:W42) -> 0 | Y42: =E42-X42 -> 0 | AE42: =SUM(AB42:AD42) -> 0
... A87: 79 | B87: ='Unit Prices'!B87 -> SF0008 | C87: ='Unit Prices'!C87 -> 14.80.02.23.04.30.00.000001 | D87: ='Unit Prices'!D87 -> scaffold Steel plank 3M | X87: =SUM(F87:W87) -> 0 | Y87: =E87-X87 -> 0 | AE87: =SUM(AB87:AD87) -> 0
A88: 80 | B88: ='Unit Prices'!B88 -> BJ0001 | C88: ='Unit Prices'!C88 -> 14.80.02.02.00.00.00.000001 | D88: ='Unit Prices'!D88 -> BASE-Jack | E88: 3550 | F88: 822 | J88: 1250 | V88: 200 | X88: =SUM(F88:W88) -> 2272 | Y88: =E88-X88 -> 1278 | AE88: =SUM(AB88:AD88) -> 0
A89: 81 | B89: ='Unit Prices'!B89 -> BP0001 | C89: ='Unit Prices'!C89 -> 14.80.02.03.00.00.00.000001 | D89: ='Unit Prices'!D89 -> BASE-Plain | X89: =SUM(F89:W89) -> 0 | Y89: =E89-X89 -> 0 | AE89: =SUM(AB89:AD89) -> 0
A90: 82 | B90: ='Unit Prices'!B90 -> UH0002 | C90: ='Unit Prices'!C90 -> 14.80.02.18.01.00.00.000001 | D90: ='Unit Prices'!D90 -> U-Head with jack | E90: =1953+2250 -> 4203 | F90: 46 | G90: 251 | N90: 83 | Q90: 1000 | R90: 1000 | U90: 300 | V90: 140 | X90: =SUM(F90:W90) -> 2820 | Y90: =E90-X90 -> 1383 | AE90: =SUM(AB90:AD90) -> 0
A91: 83 | B91: ='Unit Prices'!B91 -> UH0001 | C91: ='Unit Prices'!C91 -> 14.80.02.18.00.00.00.000001 | D91: ='Unit Prices'!D91 -> U-Head | X91: =SUM(F91:W91) -> 0 | Y91: =E91-X91 -> 0 | AE91: =SUM(AB91:AD91) -> 0
A92: 84 | B92: ='Unit Prices'!B92 -> UJ0001 | C92: ='Unit Prices'!C92 -> 14.80.02.21.00.00.00.000001 | D92: ='Unit Prices'!D92 -> Universal Jack | X92: =SUM(F92:W92) -> 0 | Y92: =E92-X92 -> 0 | AE92: =SUM(AB92:AD92) -> 0
A93: 85 | B93: ='Unit Prices'!B93 -> FH0002 | C93: ='Unit Prices'!C93 -> 14.80.02.11.01.00.00.000001 | D93: ='Unit Prices'!D93 -> fork Head with Jack | X93: =SUM(F93:W93) -> 0 | Y93: =E93-X93 -> 0 | AE93: =SUM(AB93:AD93) -> 0
A94: 86 | B94: ='Unit Prices'!B94 -> FH0001 | C94: ='Unit Prices'!C94 -> 14.80.02.11.00.00.00.000001 | D94: ='Unit Prices'!D94 -> fork Head | X94: =SUM(F94:W94) -> 0 | Y94: =E94-X94 -> 0 | AE94: =SUM(AB94:AD94) -> 0
A95: 87 | B95: ='Unit Prices'!B95 -> CU0004 | C95: ='Unit Prices'!C95 -> 14.80.50.34.04.01.00.000001 | D95: ='Unit Prices'!D95 -> Coupler Double 1.50x1.50" | E95: 500 | F95: 3 | X95: =SUM(F95:W95) -> 3 | Y95: =E95-X95 -> 497 | AE95: =SUM(AB95:AD95) -> 0
A96: 88 | B96: ='Unit Prices'!B96 -> CU0005 | C96: ='Unit Prices'!C96 -> 14.80.50.34.04.02.00.000001 | D96: ='Unit Prices'!D96 -> Coupler Double 1.50x2.00" | X96: =SUM(F96:W96) -> 0 | Y96: =E96-X96 -> 0 | AE96: =SUM(AB96:AD96) -> 0
A97: 89 | B97: ='Unit Prices'!B97 -> CU0008 | C97: ='Unit Prices'!C97 -> 14.80.50.34.07.01.00.000001 | D97: ='Unit Prices'!D97 -> Coupler Swivel 1.50x1.50" | E97: 1500 | X97: =SUM(F97:W97) -> 0 | Y97: =E97-X97 -> 1500 | AE97: =SUM(AB97:AD97) -> 0
A98: 90 | B98: ='Unit Prices'!B98 -> CU0009 | C98: ='Unit Prices'!C98 -> 14.80.50.34.07.02.00.000001 | D98: ='Unit Prices'!D98 -> Coupler Swivel 1.50x2.00" | X98: =SUM(F98:W98) -> 0 | Y98: =E98-X98 -> 0 | AE98: =SUM(AB98:AD98) -> 0
A99: 91 | B99: ='Unit Prices'!B99 -> CU0002 | C99: ='Unit Prices'!C99 -> 14.80.50.34.02.00.00.000001 | D99: ='Unit Prices'!D99 -> Coupler girder/sk | X99: =SUM(F99:W99) -> 0 | Y99: =E99-X99 -> 0 | AE99: =SUM(AB99:AD99) -> 0
A100: 92 | B100: ='Unit Prices'!B100 -> CU0003 | C100: ='Unit Prices'!C100 -> 14.80.50.34.03.00.00.000001 | D100: ='Unit Prices'!D100 -> Coupler board | X100: =SUM(F100:W100) -> 0 | Y100: =E100-X100 -> 0 | AE100: =SUM(AB100:AD100) -> 0
A101: 93 | B101: ='Unit Prices'!B101 -> CU0006 | C101: ='Unit Prices'!C101 -> 14.80.50.34.05.00.00.000001 | D101: ='Unit Prices'!D101 -> Coupler Putlog /single | X101: =SUM(F101:W101) -> 0 | Y101: =E101-X101 -> 0 | AE101: =SUM(AB101:AD101) -> 0
A102: 94 | B102: ='Unit Prices'!B102 -> CU0007 | C102: ='Unit Prices'!C102 -> 14.80.50.34.06.00.00.000001 | D102: ='Unit Prices'!D102 -> Coupler Sleeve | X102: =SUM(F102:W102) -> 0 | Y102: =E102-X102 -> 0 | AE102: =SUM(AB102:AD102) -> 0
A103: 95 | B103: ='Unit Prices'!B103 -> CU0001 | C103: ='Unit Prices'!C103 -> 14.80.50.34.01.00.00.000001 | D103: ='Unit Prices'!D103 -> Coupler DH | X103: =SUM(F103:W103) -> 0 | Y103: =E103-X103 -> 0 | AE103: =SUM(AB103:AD103) -> 0
A104: 96 | B104: ='Unit Prices'!B104 -> SZ0001 | C104: ='Unit Prices'!C104 -> 14.80.50.28.01.00.00.000001 | D104: ='Unit Prices'!D104 -> scaffold Caster wheel | X104: =SUM(F104:W104) -> 0 | Y104: =E104-X104 -> 0 | AE104: =SUM(AB104:AD104) -> 0
A105: 97 | B105: ='Unit Prices'!B105 -> SZ0002 | C105: ='Unit Prices'!C105 -> 14.80.50.28.02.00.00.000001 | D105: ='Unit Prices'!D105 -> scaffold fixing plate | X105: =SUM(F105:W105) -> 0 | Y105: =E105-X105 -> 0 | AE105: =SUM(AB105:AD105) -> 0
A106: 98 | B106: ='Unit Prices'!B106 -> TQ0014 | C106: ='Unit Prices'!C106 -> 14.80.50.09.03.03.12.000001 | D106: ='Unit Prices'!D106 -> Excavation Side Protection Y Post 1.20 m | X106: =SUM(F106:W106) -> 0 | Y106: =E106-X106 -> 0 | AE106: =SUM(AB106:AD106) -> 0
A107: 99 | B107: ='Unit Prices'!B107 -> TQ0005 | C107: ='Unit Prices'!C107 -> 14.80.50.09.00.05.00.000001 | D107: ='Unit Prices'!D107 -> TUBE 0.5M | X107: =SUM(F107:W107) -> 0 | Y107: =E107-X107 -> 0 | AE107: =SUM(AB107:AD107) -> 0
A108: 100 | B108: ='Unit Prices'!B108 -> TQ0001 | C108: ='Unit Prices'!C108 -> 14.80.50.09.00.01.00.000001 | D108: ='Unit Prices'!D108 -> TUBE 1M | X108: =SUM(F108:W108) -> 0 | Y108: =E108-X108 -> 0 | AE108: =SUM(AB108:AD108) -> 0
A109: 101 | B109: ='Unit Prices'!B109 -> TQ0008 | C109: ='Unit Prices'!C109 -> 14.80.50.09.00.15.00.000001 | D109: ='Unit Prices'!D109 -> TUBE 1.5M | X109: =SUM(F109:W109) -> 0 | Y109: =E109-X109 -> 0 | AE109: =SUM(AB109:AD109) -> 0
... A113: 105 | B113: ='Unit Prices'!B113 -> TQ0010 | C113: ='Unit Prices'!C113 -> 14.80.50.09.00.35.00.000001 | D113: ='Unit Prices'!D113 -> TUBE 3.5M | X113: =SUM(F113:W113) -> 0 | Y113: =E113-X113 -> 0 | AE113: =SUM(AB113:AD113) -> 0
A114: 106 | B114: ='Unit Prices'!B114 -> TQ0004 | C114: ='Unit Prices'!C114 -> 14.80.50.09.00.04.00.000001 | D114: ='Unit Prices'!D114 -> TUBE 4M | E114: 600 | X114: =SUM(F114:W114) -> 0 | Y114: =E114-X114 -> 600 | AE114: =SUM(AB114:AD114) -> 0
A115: 107 | B115: ='Unit Prices'!B115 -> TQ0011 | C115: ='Unit Prices'!C115 -> 14.80.50.09.00.45.00.000001 | D115: ='Unit Prices'!D115 -> TUBE 4.5M | X115: =SUM(F115:W115) -> 0 | Y115: =E115-X115 -> 0 | AE115: =SUM(AB115:AD115) -> 0
A116: 108 | B116: ='Unit Prices'!B116 -> TQ0012 | C116: ='Unit Prices'!C116 -> 14.80.50.09.00.50.00.000001 | D116: ='Unit Prices'!D116 -> TUBE 5.0M | X116: =SUM(F116:W116) -> 0 | Y116: =E116-X116 -> 0 | AE116: =SUM(AB116:AD116) -> 0
A117: 109 | B117: ='Unit Prices'!B117 -> TQ0007 | C117: ='Unit Prices'!C117 -> 14.80.50.09.00.06.00.000001 | D117: ='Unit Prices'!D117 -> TUBE 6M | E117: 0 | S117: 240 | X117: =SUM(F117:W117) -> 240 | Y117: =E117-X117 -> -240 | AE117: =SUM(AB117:AD117) -> 0
A118: 110 | B118: ='Unit Prices'!B118 -> ST0001 | C118: ='Unit Prices'!C118 -> 14.80.02.16.01.00.00.000001 | D118: ='Unit Prices'!D118 -> Stair Case Beam | X118: =SUM(F118:W118) -> 0 | Y118: =E118-X118 -> 0 | AE118: =SUM(AB118:AD118) -> 0
A119: 111 | B119: ='Unit Prices'!B119 -> ST0004 | C119: ='Unit Prices'!C119 -> 14.80.02.16.03.01.00.000001 | D119: ='Unit Prices'!D119 -> Stair Case handrail long | X119: =SUM(F119:W119) -> 0 | Y119: =E119-X119 -> 0 | AE119: =SUM(AB119:AD119) -> 0
A120: 112 | B120: ='Unit Prices'!B120 -> ST0005 | C120: ='Unit Prices'!C120 -> 14.80.02.16.03.02.00.000001 | D120: ='Unit Prices'!D120 -> Stair Case handrail short | X120: =SUM(F120:W120) -> 0 | Y120: =E120-X120 -> 0 | AE120: =SUM(AB120:AD120) -> 0
A121: 113 | B121: ='Unit Prices'!B121 -> ST0013 | C121: ='Unit Prices'!C121 -> 14.80.02.16.09.01.00.000001 | D121: ='Unit Prices'!D121 -> Stair Case Steel plank 1M | X121: =SUM(F121:W121) -> 0 | Y121: =E121-X121 -> 0 | AE121: =SUM(AB121:AD121) -> 0
A122: 114 | B122: ='Unit Prices'!B122 -> ST0014 | C122: ='Unit Prices'!C122 -> 14.80.02.16.09.15.00.000001 | D122: ='Unit Prices'!D122 -> Stair Case Steel plank 1.5M | X122: =SUM(F122:W122) -> 0 | Y122: =E122-X122 -> 0 | AE122: =SUM(AB122:AD122) -> 0
A123: 115 | B123: ='Unit Prices'!B123 -> ST0009 | C123: ='Unit Prices'!C123 -> 14.80.02.16.05.19.01.000001 | D123: ='Unit Prices'!D123 -> Stair Case ledger 1.90M with end coupler | X123: =SUM(F123:W123) -> 0 | Y123: =E123-X123 -> 0 | AE123: =SUM(AB123:AD123) -> 0
A124: 116 | B124: ='Unit Prices'!B124 -> ST0008 | C124: ='Unit Prices'!C124 -> 14.80.02.16.05.01.00.000001 | D124: ='Unit Prices'!D124 -> Stair Case ledger 2.40M with end coupler | X124: =SUM(F124:W124) -> 0 | Y124: =E124-X124 -> 0 | AE124: =SUM(AB124:AD124) -> 0
A125: 117 | B125: ='Unit Prices'!B125 -> ST0010 | C125: ='Unit Prices'!C125 -> 14.80.02.16.05.29.01.000001 | D125: ='Unit Prices'!D125 -> Stair Case ledger 2.90M with end coupler | X125: =SUM(F125:W125) -> 0 | Y125: =E125-X125 -> 0 | AE125: =SUM(AB125:AD125) -> 0
A126: 118 | B126: ='Unit Prices'!B126 -> ST0011 | C126: ='Unit Prices'!C126 -> 14.80.02.16.07.00.00.000001 | D126: ='Unit Prices'!D126 -> Stair Case outrigger bracket | X126: =SUM(F126:W126) -> 0 | Y126: =E126-X126 -> 0 | AE126: =SUM(AB126:AD126) -> 0
A127: 119 | B127: ='Unit Prices'!B127 -> ST0012 | C127: ='Unit Prices'!C127 -> 14.80.02.16.08.21.00.000001 | D127: ='Unit Prices'!D127 -> Stair Case truss ledger 2.10M | X127: =SUM(F127:W127) -> 0 | Y127: =E127-X127 -> 0 | AE127: =SUM(AB127:AD127) -> 0
A128: 120 | B128: ='Unit Prices'!B128 -> ST0002 | C128: ='Unit Prices'!C128 -> 14.80.02.16.02.24.00.000001 | D128: ='Unit Prices'!D128 -> Stair Case Beam plank 74*24CM | X128: =SUM(F128:W128) -> 0 | Y128: =E128-X128 -> 0 | AE128: =SUM(AB128:AD128) -> 0
A129: 121 | B129: ='Unit Prices'!B129 -> ST0003 | C129: ='Unit Prices'!C129 -> 14.80.02.16.02.34.00.000001 | D129: ='Unit Prices'!D129 -> Stair Case Beam plank 74*34CM | X129: =SUM(F129:W129) -> 0 | Y129: =E129-X129 -> 0 | AE129: =SUM(AB129:AD129) -> 0
... A758: 750 | B758: ='Unit Prices'!B758 -> 0 | C758: ='Unit Prices'!C758 -> 0 | D758: ='Unit Prices'!D758 -> #N/A | X758: =SUM(F758:W758) -> 0 | Y758: =E758-X758 -> 0 | AE758: =SUM(AB758:AD758) -> 0

Sheet 9400016451 VIDAFORM
A1: Project Name: | D1: Slab | E1: 1 | F1: =$C$6*E1 -> 0 | J1: =E1 -> 1 | K1: =E1 -> 1 | Q1: =E1 -> 1
D2: Walls and Colums | E2: 0 | F2: =$C$6*E2 -> 0 | J2: =E2 -> 0 | K2: =E2 -> 0 | Q2: =E2 -> 0
A3: PR# No: | C3: 70027046 | D3: Scaffolding | E3: 0 | F3: =$C$6*E3 -> 0 | J3: =E3 -> 0 | K3: =E3 -> 0 | Q3: =E3 -> 0
A4: PR# Date: | C4: 46159 | D4: Safety | E4: 0 | F4: =$C$6*E4 -> 0 | J4: =E4 -> 0 | K4: =E4 -> 0 | N4: Return Qty | Q4: =E4 -> 0
A5: PR# For: | D5: Recived/Transfer Date: | F5: 46161 | G5: 46179 | H5: 46263
A6: Area: | D6: Store Voucher No:
F7: 2 | G7: 9 | H7: 65
A8: No | B8: ASSET CODE | C8: FULL SERIAL | D8: ITEMS NAME | E8: Req Qty | F8: Vidaform | G8: Vidaform | H8: Vidaform | J8: Send Qty | K8: Remain Qty | L8: Remarks | Q8: T.Return
A9: 1 | B9: ='Unit Prices'!B9 -> CK0021 | C9: ='Unit Prices'!C9 -> 14.80.02.19.06.05.00.000001 | D9: ='Unit Prices'!D9 -> cuplock Vertical 0.5M | J9: =SUM(F9:I9) -> 0 | K9: =E9-J9 -> 0 | Q9: =SUM(N9:P9) -> 0
A10: 2 | B10: ='Unit Prices'!B10 -> CK0018 | C10: ='Unit Prices'!C10 -> 14.80.02.19.06.01.00.000001 | D10: ='Unit Prices'!D10 -> cuplock Vertical 1M | J10: =SUM(F10:I10) -> 0 | K10: =E10-J10 -> 0 | Q10: =SUM(N10:P10) -> 0
A11: 3 | B11: ='Unit Prices'!B11 -> CK0022 | C11: ='Unit Prices'!C11 -> 14.80.02.19.06.13.00.000001 | D11: ='Unit Prices'!D11 -> cuplock Vertical 1.3M | J11: =SUM(F11:I11) -> 0 | K11: =E11-J11 -> 0 | Q11: =SUM(N11:P11) -> 0
A12: 4 | B12: ='Unit Prices'!B12 -> CK0023 | C12: ='Unit Prices'!C12 -> 14.80.02.19.06.15.00.000001 | D12: ='Unit Prices'!D12 -> cuplock Vertical 1.5M | J12: =SUM(F12:I12) -> 0 | K12: =E12-J12 -> 0 | Q12: =SUM(N12:P12) -> 0
A13: 5 | B13: ='Unit Prices'!B13 -> CK0024 | C13: ='Unit Prices'!C13 -> 14.80.02.19.06.18.00.000001 | D13: ='Unit Prices'!D13 -> cuplock Vertical 1.8M | J13: =SUM(F13:I13) -> 0 | K13: =E13-J13 -> 0 | Q13: =SUM(N13:P13) -> 0
A14: 6 | B14: ='Unit Prices'!B14 -> CK0019 | C14: ='Unit Prices'!C14 -> 14.80.02.19.06.02.00.000001 | D14: ='Unit Prices'!D14 -> cuplock Vertical 2M | J14: =SUM(F14:I14) -> 0 | K14: =E14-J14 -> 0 | Q14: =SUM(N14:P14) -> 0
A15: 7 | B15: ='Unit Prices'!B15 -> CK0025 | C15: ='Unit Prices'!C15 -> 14.80.02.19.06.23.00.000001 | D15: ='Unit Prices'!D15 -> cuplock Vertical 2.3M | J15: =SUM(F15:I15) -> 0 | K15: =E15-J15 -> 0 | Q15: =SUM(N15:P15) -> 0
A16: 8 | B16: ='Unit Prices'!B16 -> CK0026 | C16: ='Unit Prices'!C16 -> 14.80.02.19.06.25.00.000001 | D16: ='Unit Prices'!D16 -> cuplock Vertical 2.5M | J16: =SUM(F16:I16) -> 0 | K16: =E16-J16 -> 0 | Q16: =SUM(N16:P16) -> 0
A17: 9 | B17: ='Unit Prices'!B17 -> CK0027 | C17: ='Unit Prices'!C17 -> 14.80.02.19.06.28.00.000001 | D17: ='Unit Prices'!D17 -> cuplock Vertical 2.8M | J17: =SUM(F17:I17) -> 0 | K17: =E17-J17 -> 0 | Q17: =SUM(N17:P17) -> 0
A18: 10 | B18: ='Unit Prices'!B18 -> CK0020 | C18: ='Unit Prices'!C18 -> 14.80.02.19.06.03.00.000001 | D18: ='Unit Prices'!D18 -> cuplock Vertical 3M | J18: =SUM(F18:I18) -> 0 | K18: =E18-J18 -> 0 | Q18: =SUM(N18:P18) -> 0
A19: 11 | B19: ='Unit Prices'!B19 -> CL0001 | C19: ='Unit Prices'!C19 -> 14.80.50.24.01.00.00.000001 | D19: ='Unit Prices'!D19 -> cuplock Spigot | J19: =SUM(F19:I19) -> 0 | K19: =E19-J19 -> 0 | Q19: =SUM(N19:P19) -> 0
A20: 12 | B20: ='Unit Prices'!B20 -> CK0006 | C20: ='Unit Prices'!C20 -> 14.80.02.19.04.04.00.000001 | D20: ='Unit Prices'!D20 -> cuplock Ledger 0.4M | J20: =SUM(F20:I20) -> 0 | K20: =E20-J20 -> 0 | Q20: =SUM(N20:P20) -> 0
... A22: 14 | B22: ='Unit Prices'!B22 -> CK0028 | C22: ='Unit Prices'!C22 -> 14.80.02.19.04.08.00.000001 | D22: ='Unit Prices'!D22 -> cuplock Ledger 0.80 M | J22: =SUM(F22:I22) -> 0 | K22: =E22-J22 -> 0 | Q22: =SUM(N22:P22) -> 0
A23: 15 | B23: ='Unit Prices'!B23 -> CK0008 | C23: ='Unit Prices'!C23 -> 14.80.02.19.04.09.00.000001 | D23: ='Unit Prices'!D23 -> cuplock Ledger 0.9M | E23: =1850+500 -> 2350 | F23: 1350 | G23: 500 | H23: 500 | J23: =SUM(F23:I23) -> 2350 | K23: =E23-J23 -> 0 | Q23: =SUM(N23:P23) -> 0
A24: 16 | B24: ='Unit Prices'!B24 -> CK0004 | C24: ='Unit Prices'!C24 -> 14.80.02.19.04.01.00.000001 | D24: ='Unit Prices'!D24 -> cuplock Ledger 1M | J24: =SUM(F24:I24) -> 0 | K24: =E24-J24 -> 0 | Q24: =SUM(N24:P24) -> 0
A25: 17 | B25: ='Unit Prices'!B25 -> CK0010 | C25: ='Unit Prices'!C25 -> 14.80.02.19.04.12.00.000001 | D25: ='Unit Prices'!D25 -> cuplock Ledger 1.2M | E25: =6000+1300 -> 7300 | F25: 4700 | G25: 1300 | H25: 1300 | J25: =SUM(F25:I25) -> 7300 | K25: =E25-J25 -> 0 | Q25: =SUM(N25:P25) -> 0
A26: 18 | B26: ='Unit Prices'!B26 -> CK0009 | C26: ='Unit Prices'!C26 -> 14.80.02.19.04.11.00.000001 | D26: ='Unit Prices'!D26 -> cuplock Ledger 1.25M | J26: =SUM(F26:I26) -> 0 | K26: =E26-J26 -> 0 | Q26: =SUM(N26:P26) -> 0
A27: 19 | B27: ='Unit Prices'!B27 -> CK0011 | C27: ='Unit Prices'!C27 -> 14.80.02.19.04.13.00.000001 | D27: ='Unit Prices'!D27 -> cuplock Ledger 1.3M | J27: =SUM(F27:I27) -> 0 | K27: =E27-J27 -> 0 | Q27: =SUM(N27:P27) -> 0
A28: 20 | B28: ='Unit Prices'!B28 -> CK0012 | C28: ='Unit Prices'!C28 -> 14.80.02.19.04.15.00.000001 | D28: ='Unit Prices'!D28 -> cuplock Ledger 1.5M | J28: =SUM(F28:I28) -> 0 | K28: =E28-J28 -> 0 | Q28: =SUM(N28:P28) -> 0
A29: 21 | B29: ='Unit Prices'!B29 -> CK0013 | C29: ='Unit Prices'!C29 -> 14.80.02.19.04.16.00.000001 | D29: ='Unit Prices'!D29 -> cuplock Ledger 1.6M | J29: =SUM(F29:I29) -> 0 | K29: =E29-J29 -> 0 | Q29: =SUM(N29:P29) -> 0
A30: 22 | B30: ='Unit Prices'!B30 -> CK0014 | C30: ='Unit Prices'!C30 -> 14.80.02.19.04.18.00.000001 | D30: ='Unit Prices'!D30 -> cuplock Ledger 1.8M | J30: =SUM(F30:I30) -> 0 | K30: =E30-J30 -> 0 | Q30: =SUM(N30:P30) -> 0
A31: 23 | B31: ='Unit Prices'!B31 -> CK0015 | C31: ='Unit Prices'!C31 -> 14.80.02.19.04.21.00.000001 | D31: ='Unit Prices'!D31 -> cuplock Ledger 2.1M | J31: =SUM(F31:I31) -> 0 | K31: =E31-J31 -> 0 | Q31: =SUM(N31:P31) -> 0
A32: 24 | B32: ='Unit Prices'!B32 -> CK0016 | C32: ='Unit Prices'!C32 -> 14.80.02.19.04.24.00.000001 | D32: ='Unit Prices'!D32 -> cuplock Ledger 2.40M | J32: =SUM(F32:I32) -> 0 | K32: =E32-J32 -> 0 | Q32: =SUM(N32:P32) -> 0
A33: 25 | B33: ='Unit Prices'!B33 -> CK0017 | C33: ='Unit Prices'!C33 -> 14.80.02.19.04.25.00.000001 | D33: ='Unit Prices'!D33 -> cuplock Ledger 2.5M | J33: =SUM(F33:I33) -> 0 | K33: =E33-J33 -> 0 | Q33: =SUM(N33:P33) -> 0
A34: 26 | B34: ='Unit Prices'!B34 -> CK0005 | C34: ='Unit Prices'!C34 -> 14.80.02.19.04.03.00.000001 | D34: ='Unit Prices'!D34 -> cuplock Ledger 3M | J34: =SUM(F34:I34) -> 0 | K34: =E34-J34 -> 0 | Q34: =SUM(N34:P34) -> 0
A35: 27 | B35: ='Unit Prices'!B35 -> CK0001 | C35: ='Unit Prices'!C35 -> 14.80.02.19.01.00.00.000001 | D35: ='Unit Prices'!D35 -> cuplock BEAM BRACKET | J35: =SUM(F35:I35) -> 0 | K35: =E35-J35 -> 0 | Q35: =SUM(N35:P35) -> 0
A36: 28 | B36: ='Unit Prices'!B36 -> CK0002 | C36: ='Unit Prices'!C36 -> 14.80.02.19.02.01.00.000001 | D36: ='Unit Prices'!D36 -> cuplock Cantilever Single | J36: =SUM(F36:I36) -> 0 | K36: =E36-J36 -> 0 | Q36: =SUM(N36:P36) -> 0
A37: 29 | B37: ='Unit Prices'!B37 -> CK0003 | C37: ='Unit Prices'!C37 -> 14.80.02.19.02.02.00.000001 | D37: ='Unit Prices'!D37 -> cuplock Cantilever double | J37: =SUM(F37:I37) -> 0 | K37: =E37-J37 -> 0 | Q37: =SUM(N37:P37) -> 0
... A87: 79 | B87: ='Unit Prices'!B87 -> SF0008 | C87: ='Unit Prices'!C87 -> 14.80.02.23.04.30.00.000001 | D87: ='Unit Prices'!D87 -> scaffold Steel plank 3M | J87: =SUM(F87:I87) -> 0 | K87: =E87-J87 -> 0 | Q87: =SUM(N87:P87) -> 0
A88: 80 | B88: ='Unit Prices'!B88 -> BJ0001 | C88: ='Unit Prices'!C88 -> 14.80.02.02.00.00.00.000001 | D88: ='Unit Prices'!D88 -> BASE-Jack | E88: =2728+600 -> 3328 | F88: 2128 | G88: 600 | H88: 600 | J88: =SUM(F88:I88) -> 3328 | K88: =E88-J88 -> 0 | Q88: =SUM(N88:P88) -> 0
A89: 81 | B89: ='Unit Prices'!B89 -> BP0001 | C89: ='Unit Prices'!C89 -> 14.80.02.03.00.00.00.000001 | D89: ='Unit Prices'!D89 -> BASE-Plain | J89: =SUM(F89:I89) -> 0 | K89: =E89-J89 -> 0 | Q89: =SUM(N89:P89) -> 0
A90: 82 | B90: ='Unit Prices'!B90 -> UH0002 | C90: ='Unit Prices'!C90 -> 14.80.02.18.01.00.00.000001 | D90: ='Unit Prices'!D90 -> U-Head with jack | E90: 660 | F90: 310 | G90: 350 | J90: =SUM(F90:I90) -> 660 | K90: =E90-J90 -> 0 | Q90: =SUM(N90:P90) -> 0
A91: 83 | B91: ='Unit Prices'!B91 -> UH0001 | C91: ='Unit Prices'!C91 -> 14.80.02.18.00.00.00.000001 | D91: ='Unit Prices'!D91 -> U-Head | J91: =SUM(F91:I91) -> 0 | K91: =E91-J91 -> 0 | Q91: =SUM(N91:P91) -> 0
A92: 84 | B92: ='Unit Prices'!B92 -> UJ0001 | C92: ='Unit Prices'!C92 -> 14.80.02.21.00.00.00.000001 | D92: ='Unit Prices'!D92 -> Universal Jack | J92: =SUM(F92:I92) -> 0 | K92: =E92-J92 -> 0 | Q92: =SUM(N92:P92) -> 0
A93: 85 | B93: ='Unit Prices'!B93 -> FH0002 | C93: ='Unit Prices'!C93 -> 14.80.02.11.01.00.00.000001 | D93: ='Unit Prices'!D93 -> fork Head with Jack | J93: =SUM(F93:I93) -> 0 | K93: =E93-J93 -> 0 | Q93: =SUM(N93:P93) -> 0
A94: 86 | B94: ='Unit Prices'!B94 -> FH0001 | C94: ='Unit Prices'!C94 -> 14.80.02.11.00.00.00.000001 | D94: ='Unit Prices'!D94 -> fork Head | J94: =SUM(F94:I94) -> 0 | K94: =E94-J94 -> 0 | Q94: =SUM(N94:P94) -> 0
A95: 87 | B95: ='Unit Prices'!B95 -> CU0004 | C95: ='Unit Prices'!C95 -> 14.80.50.34.04.01.00.000001 | D95: ='Unit Prices'!D95 -> Coupler Double 1.50x1.50" | J95: =SUM(F95:I95) -> 0 | K95: =E95-J95 -> 0 | Q95: =SUM(N95:P95) -> 0
A96: 88 | B96: ='Unit Prices'!B96 -> CU0005 | C96: ='Unit Prices'!C96 -> 14.80.50.34.04.02.00.000001 | D96: ='Unit Prices'!D96 -> Coupler Double 1.50x2.00" | J96: =SUM(F96:I96) -> 0 | K96: =E96-J96 -> 0 | Q96: =SUM(N96:P96) -> 0
A97: 89 | B97: ='Unit Prices'!B97 -> CU0008 | C97: ='Unit Prices'!C97 -> 14.80.50.34.07.01.00.000001 | D97: ='Unit Prices'!D97 -> Coupler Swivel 1.50x1.50" | J97: =SUM(F97:I97) -> 0 | K97: =E97-J97 -> 0 | Q97: =SUM(N97:P97) -> 0
A98: 90 | B98: ='Unit Prices'!B98 -> CU0009 | C98: ='Unit Prices'!C98 -> 14.80.50.34.07.02.00.000001 | D98: ='Unit Prices'!D98 -> Coupler Swivel 1.50x2.00" | J98: =SUM(F98:I98) -> 0 | K98: =E98-J98 -> 0 | Q98: =SUM(N98:P98) -> 0
A99: 91 | B99: ='Unit Prices'!B99 -> CU0002 | C99: ='Unit Prices'!C99 -> 14.80.50.34.02.00.00.000001 | D99: ='Unit Prices'!D99 -> Coupler girder/sk | J99: =SUM(F99:I99) -> 0 | K99: =E99-J99 -> 0 | Q99: =SUM(N99:P99) -> 0
A100: 92 | B100: ='Unit Prices'!B100 -> CU0003 | C100: ='Unit Prices'!C100 -> 14.80.50.34.03.00.00.000001 | D100: ='Unit Prices'!D100 -> Coupler board | J100: =SUM(F100:I100) -> 0 | K100: =E100-J100 -> 0 | Q100: =SUM(N100:P100) -> 0
A101: 93 | B101: ='Unit Prices'!B101 -> CU0006 | C101: ='Unit Prices'!C101 -> 14.80.50.34.05.00.00.000001 | D101: ='Unit Prices'!D101 -> Coupler Putlog /single | J101: =SUM(F101:I101) -> 0 | K101: =E101-J101 -> 0 | Q101: =SUM(N101:P101) -> 0
A102: 94 | B102: ='Unit Prices'!B102 -> CU0007 | C102: ='Unit Prices'!C102 -> 14.80.50.34.06.00.00.000001 | D102: ='Unit Prices'!D102 -> Coupler Sleeve | J102: =SUM(F102:I102) -> 0 | K102: =E102-J102 -> 0 | Q102: =SUM(N102:P102) -> 0
... A758: 750 | B758: ='Unit Prices'!B758 -> 0 | C758: ='Unit Prices'!C758 -> 0 | D758: ='Unit Prices'!D758 -> #N/A | J758: =SUM(F758:I758) -> 0 | K758: =E758-J758 -> 0 | Q758: =SUM(N758:P758) -> 0

Sheet PO 94000171374 MASTER
A1: Project Name: | D1: Slab | E1: 0 | F1: =$C$6*E1 -> 0 | I1: =E1 -> 0 | J1: =E1 -> 0 | P1: =I1 -> 0
D2: Walls and Colums | E2: 0 | F2: =$C$6*E2 -> 0 | I2: =E2 -> 0 | J2: =E2 -> 0 | P2: =I2 -> 0
A3: PR# No: | D3: Scaffolding | E3: 1 | F3: =$C$6*E3 -> 0 | I3: =E3 -> 1 | J3: =E3 -> 1 | P3: =I3 -> 1
A4: PR# Date: | D4: Safety | E4: 0 | F4: =$C$6*E4 -> 0 | I4: =E4 -> 0 | J4: =E4 -> 0 | M4: Return Qty | P4: =I4 -> 0
A5: PR# For: | D5: Recived/Transfer Date: | F5: 46284
A6: Area: | D6: Store Voucher No: | F6: 54
F7: 6910
A8: No | B8: ASSET CODE | C8: FULL SERIAL | D8: ITEMS NAME | E8: Req Qty | F8: MASTER | I8: Send Qty | J8: Remain Qty | K8: Remarks | P8: T.Return
A9: 1 | B9: ='Unit Prices'!B9 -> CK0021 | C9: ='Unit Prices'!C9 -> 14.80.02.19.06.05.00.000001 | D9: ='Unit Prices'!D9 -> cuplock Vertical 0.5M | E9: 300 | I9: =SUM(F9:H9) -> 0 | J9: =E9-I9 -> 300 | P9: =SUM(M9:O9) -> 0
A10: 2 | B10: ='Unit Prices'!B10 -> CK0018 | C10: ='Unit Prices'!C10 -> 14.80.02.19.06.01.00.000001 | D10: ='Unit Prices'!D10 -> cuplock Vertical 1M | E10: 900 | I10: =SUM(F10:H10) -> 0 | J10: =E10-I10 -> 900 | P10: =SUM(M10:O10) -> 0
A11: 3 | B11: ='Unit Prices'!B11 -> CK0022 | C11: ='Unit Prices'!C11 -> 14.80.02.19.06.13.00.000001 | D11: ='Unit Prices'!D11 -> cuplock Vertical 1.3M | I11: =SUM(F11:H11) -> 0 | J11: =E11-I11 -> 0 | P11: =SUM(M11:O11) -> 0
A12: 4 | B12: ='Unit Prices'!B12 -> CK0023 | C12: ='Unit Prices'!C12 -> 14.80.02.19.06.15.00.000001 | D12: ='Unit Prices'!D12 -> cuplock Vertical 1.5M | E12: 500 | I12: =SUM(F12:H12) -> 0 | J12: =E12-I12 -> 500 | P12: =SUM(M12:O12) -> 0
A13: 5 | B13: ='Unit Prices'!B13 -> CK0024 | C13: ='Unit Prices'!C13 -> 14.80.02.19.06.18.00.000001 | D13: ='Unit Prices'!D13 -> cuplock Vertical 1.8M | I13: =SUM(F13:H13) -> 0 | J13: =E13-I13 -> 0 | P13: =SUM(M13:O13) -> 0
A14: 6 | B14: ='Unit Prices'!B14 -> CK0019 | C14: ='Unit Prices'!C14 -> 14.80.02.19.06.02.00.000001 | D14: ='Unit Prices'!D14 -> cuplock Vertical 2M | E14: 800 | I14: =SUM(F14:H14) -> 0 | J14: =E14-I14 -> 800 | P14: =SUM(M14:O14) -> 0
A15: 7 | B15: ='Unit Prices'!B15 -> CK0025 | C15: ='Unit Prices'!C15 -> 14.80.02.19.06.23.00.000001 | D15: ='Unit Prices'!D15 -> cuplock Vertical 2.3M | I15: =SUM(F15:H15) -> 0 | J15: =E15-I15 -> 0 | P15: =SUM(M15:O15) -> 0
A16: 8 | B16: ='Unit Prices'!B16 -> CK0026 | C16: ='Unit Prices'!C16 -> 14.80.02.19.06.25.00.000001 | D16: ='Unit Prices'!D16 -> cuplock Vertical 2.5M | I16: =SUM(F16:H16) -> 0 | J16: =E16-I16 -> 0 | P16: =SUM(M16:O16) -> 0
A17: 9 | B17: ='Unit Prices'!B17 -> CK0027 | C17: ='Unit Prices'!C17 -> 14.80.02.19.06.28.00.000001 | D17: ='Unit Prices'!D17 -> cuplock Vertical 2.8M | I17: =SUM(F17:H17) -> 0 | J17: =E17-I17 -> 0 | P17: =SUM(M17:O17) -> 0
A18: 10 | B18: ='Unit Prices'!B18 -> CK0020 | C18: ='Unit Prices'!C18 -> 14.80.02.19.06.03.00.000001 | D18: ='Unit Prices'!D18 -> cuplock Vertical 3M | I18: =SUM(F18:H18) -> 0 | J18: =E18-I18 -> 0 | P18: =SUM(M18:O18) -> 0
A19: 11 | B19: ='Unit Prices'!B19 -> CL0001 | C19: ='Unit Prices'!C19 -> 14.80.50.24.01.00.00.000001 | D19: ='Unit Prices'!D19 -> cuplock Spigot | I19: =SUM(F19:H19) -> 0 | J19: =E19-I19 -> 0 | P19: =SUM(M19:O19) -> 0
A20: 12 | B20: ='Unit Prices'!B20 -> CK0006 | C20: ='Unit Prices'!C20 -> 14.80.02.19.04.04.00.000001 | D20: ='Unit Prices'!D20 -> cuplock Ledger 0.4M | I20: =SUM(F20:H20) -> 0 | J20: =E20-I20 -> 0 | P20: =SUM(M20:O20) -> 0
A21: 13 | B21: ='Unit Prices'!B21 -> CK0007 | C21: ='Unit Prices'!C21 -> 14.80.02.19.04.06.00.000001 | D21: ='Unit Prices'!D21 -> cuplock Ledger 0.6M | I21: =SUM(F21:H21) -> 0 | J21: =E21-I21 -> 0 | P21: =SUM(M21:O21) -> 0
A22: 14 | B22: ='Unit Prices'!B22 -> CK0028 | C22: ='Unit Prices'!C22 -> 14.80.02.19.04.08.00.000001 | D22: ='Unit Prices'!D22 -> cuplock Ledger 0.80 M | I22: =SUM(F22:H22) -> 0 | J22: =E22-I22 -> 0 | P22: =SUM(M22:O22) -> 0
A23: 15 | B23: ='Unit Prices'!B23 -> CK0008 | C23: ='Unit Prices'!C23 -> 14.80.02.19.04.09.00.000001 | D23: ='Unit Prices'!D23 -> cuplock Ledger 0.9M | E23: 1000 | I23: =SUM(F23:H23) -> 0 | J23: =E23-I23 -> 1000 | P23: =SUM(M23:O23) -> 0
A24: 16 | B24: ='Unit Prices'!B24 -> CK0004 | C24: ='Unit Prices'!C24 -> 14.80.02.19.04.01.00.000001 | D24: ='Unit Prices'!D24 -> cuplock Ledger 1M | E24: 1600 | I24: =SUM(F24:H24) -> 0 | J24: =E24-I24 -> 1600 | P24: =SUM(M24:O24) -> 0
A25: 17 | B25: ='Unit Prices'!B25 -> CK0010 | C25: ='Unit Prices'!C25 -> 14.80.02.19.04.12.00.000001 | D25: ='Unit Prices'!D25 -> cuplock Ledger 1.2M | I25: =SUM(F25:H25) -> 0 | J25: =E25-I25 -> 0 | P25: =SUM(M25:O25) -> 0
A26: 18 | B26: ='Unit Prices'!B26 -> CK0009 | C26: ='Unit Prices'!C26 -> 14.80.02.19.04.11.00.000001 | D26: ='Unit Prices'!D26 -> cuplock Ledger 1.25M | E26: 700 | I26: =SUM(F26:H26) -> 0 | J26: =E26-I26 -> 700 | P26: =SUM(M26:O26) -> 0
A27: 19 | B27: ='Unit Prices'!B27 -> CK0011 | C27: ='Unit Prices'!C27 -> 14.80.02.19.04.13.00.000001 | D27: ='Unit Prices'!D27 -> cuplock Ledger 1.3M | E27: 1010 | I27: =SUM(F27:H27) -> 0 | J27: =E27-I27 -> 1010 | P27: =SUM(M27:O27) -> 0
A28: 20 | B28: ='Unit Prices'!B28 -> CK0012 | C28: ='Unit Prices'!C28 -> 14.80.02.19.04.15.00.000001 | D28: ='Unit Prices'!D28 -> cuplock Ledger 1.5M | I28: =SUM(F28:H28) -> 0 | J28: =E28-I28 -> 0 | P28: =SUM(M28:O28) -> 0
A29: 21 | B29: ='Unit Prices'!B29 -> CK0013 | C29: ='Unit Prices'!C29 -> 14.80.02.19.04.16.00.000001 | D29: ='Unit Prices'!D29 -> cuplock Ledger 1.6M | I29: =SUM(F29:H29) -> 0 | J29: =E29-I29 -> 0 | P29: =SUM(M29:O29) -> 0
A30: 22 | B30: ='Unit Prices'!B30 -> CK0014 | C30: ='Unit Prices'!C30 -> 14.80.02.19.04.18.00.000001 | D30: ='Unit Prices'!D30 -> cuplock Ledger 1.8M | I30: =SUM(F30:H30) -> 0 | J30: =E30-I30 -> 0 | P30: =SUM(M30:O30) -> 0
A31: 23 | B31: ='Unit Prices'!B31 -> CK0015 | C31: ='Unit Prices'!C31 -> 14.80.02.19.04.21.00.000001 | D31: ='Unit Prices'!D31 -> cuplock Ledger 2.1M | I31: =SUM(F31:H31) -> 0 | J31: =E31-I31 -> 0 | P31: =SUM(M31:O31) -> 0
A32: 24 | B32: ='Unit Prices'!B32 -> CK0016 | C32: ='Unit Prices'!C32 -> 14.80.02.19.04.24.00.000001 | D32: ='Unit Prices'!D32 -> cuplock Ledger 2.40M | I32: =SUM(F32:H32) -> 0 | J32: =E32-I32 -> 0 | P32: =SUM(M32:O32) -> 0
A33: 25 | B33: ='Unit Prices'!B33 -> CK0017 | C33: ='Unit Prices'!C33 -> 14.80.02.19.04.25.00.000001 | D33: ='Unit Prices'!D33 -> cuplock Ledger 2.5M | I33: =SUM(F33:H33) -> 0 | J33: =E33-I33 -> 0 | P33: =SUM(M33:O33) -> 0
A34: 26 | B34: ='Unit Prices'!B34 -> CK0005 | C34: ='Unit Prices'!C34 -> 14.80.02.19.04.03.00.000001 | D34: ='Unit Prices'!D34 -> cuplock Ledger 3M | I34: =SUM(F34:H34) -> 0 | J34: =E34-I34 -> 0 | P34: =SUM(M34:O34) -> 0
A35: 27 | B35: ='Unit Prices'!B35 -> CK0001 | C35: ='Unit Prices'!C35 -> 14.80.02.19.01.00.00.000001 | D35: ='Unit Prices'!D35 -> cuplock BEAM BRACKET | I35: =SUM(F35:H35) -> 0 | J35: =E35-I35 -> 0 | P35: =SUM(M35:O35) -> 0
A36: 28 | B36: ='Unit Prices'!B36 -> CK0002 | C36: ='Unit Prices'!C36 -> 14.80.02.19.02.01.00.000001 | D36: ='Unit Prices'!D36 -> cuplock Cantilever Single | I36: =SUM(F36:H36) -> 0 | J36: =E36-I36 -> 0 | P36: =SUM(M36:O36) -> 0
A37: 29 | B37: ='Unit Prices'!B37 -> CK0003 | C37: ='Unit Prices'!C37 -> 14.80.02.19.02.02.00.000001 | D37: ='Unit Prices'!D37 -> cuplock Cantilever double | I37: =SUM(F37:H37) -> 0 | J37: =E37-I37 -> 0 | P37: =SUM(M37:O37) -> 0
A38: 30 | B38: ='Unit Prices'!B38 -> CK0029 | C38: ='Unit Prices'!C38 -> 14.80.02.19.08.36.00.000001 | D38: ='Unit Prices'!D38 -> Acrow Unit Beam 3.60 m | I38: =SUM(F38:H38) -> 0 | J38: =E38-I38 -> 0 | P38: =SUM(M38:O38) -> 0
A39: 31 | B39: ='Unit Prices'!B39 -> CK0030 | C39: ='Unit Prices'!C39 -> 14.80.02.19.08.27.00.000001 | D39: ='Unit Prices'!D39 -> Acrow Unit Beam 2.70 m | I39: =SUM(F39:H39) -> 0 | J39: =E39-I39 -> 0 | P39: =SUM(M39:O39) -> 0
... A94: 86 | B94: ='Unit Prices'!B94 -> FH0001 | C94: ='Unit Prices'!C94 -> 14.80.02.11.00.00.00.000001 | D94: ='Unit Prices'!D94 -> fork Head | I94: =SUM(F94:H94) -> 0 | J94: =E94-I94 -> 0 | P94: =SUM(M94:O94) -> 0
A95: 87 | B95: ='Unit Prices'!B95 -> CU0004 | C95: ='Unit Prices'!C95 -> 14.80.50.34.04.01.00.000001 | D95: ='Unit Prices'!D95 -> Coupler Double 1.50x1.50" | E95: 1163 | I95: =SUM(F95:H95) -> 0 | J95: =E95-I95 -> 1163 | P95: =SUM(M95:O95) -> 0
A96: 88 | B96: ='Unit Prices'!B96 -> CU0005 | C96: ='Unit Prices'!C96 -> 14.80.50.34.04.02.00.000001 | D96: ='Unit Prices'!D96 -> Coupler Double 1.50x2.00" | I96: =SUM(F96:H96) -> 0 | J96: =E96-I96 -> 0 | P96: =SUM(M96:O96) -> 0
A97: 89 | B97: ='Unit Prices'!B97 -> CU0008 | C97: ='Unit Prices'!C97 -> 14.80.50.34.07.01.00.000001 | D97: ='Unit Prices'!D97 -> Coupler Swivel 1.50x1.50" | E97: 3000 | F97: 500 | I97: =SUM(F97:H97) -> 500 | J97: =E97-I97 -> 2500 | P97: =SUM(M97:O97) -> 0
A98: 90 | B98: ='Unit Prices'!B98 -> CU0009 | C98: ='Unit Prices'!C98 -> 14.80.50.34.07.02.00.000001 | D98: ='Unit Prices'!D98 -> Coupler Swivel 1.50x2.00" | I98: =SUM(F98:H98) -> 0 | J98: =E98-I98 -> 0 | P98: =SUM(M98:O98) -> 0
A99: 91 | B99: ='Unit Prices'!B99 -> CU0002 | C99: ='Unit Prices'!C99 -> 14.80.50.34.02.00.00.000001 | D99: ='Unit Prices'!D99 -> Coupler girder/sk | I99: =SUM(F99:H99) -> 0 | J99: =E99-I99 -> 0 | P99: =SUM(M99:O99) -> 0
A100: 92 | B100: ='Unit Prices'!B100 -> CU0003 | C100: ='Unit Prices'!C100 -> 14.80.50.34.03.00.00.000001 | D100: ='Unit Prices'!D100 -> Coupler board | I100: =SUM(F100:H100) -> 0 | J100: =E100-I100 -> 0 | P100: =SUM(M100:O100) -> 0
A101: 93 | B101: ='Unit Prices'!B101 -> CU0006 | C101: ='Unit Prices'!C101 -> 14.80.50.34.05.00.00.000001 | D101: ='Unit Prices'!D101 -> Coupler Putlog /single | I101: =SUM(F101:H101) -> 0 | J101: =E101-I101 -> 0 | P101: =SUM(M101:O101) -> 0
A102: 94 | B102: ='Unit Prices'!B102 -> CU0007 | C102: ='Unit Prices'!C102 -> 14.80.50.34.06.00.00.000001 | D102: ='Unit Prices'!D102 -> Coupler Sleeve | I102: =SUM(F102:H102) -> 0 | J102: =E102-I102 -> 0 | P102: =SUM(M102:O102) -> 0
A103: 95 | B103: ='Unit Prices'!B103 -> CU0001 | C103: ='Unit Prices'!C103 -> 14.80.50.34.01.00.00.000001 | D103: ='Unit Prices'!D103 -> Coupler DH | I103: =SUM(F103:H103) -> 0 | J103: =E103-I103 -> 0 | P103: =SUM(M103:O103) -> 0
A104: 96 | B104: ='Unit Prices'!B104 -> SZ0001 | C104: ='Unit Prices'!C104 -> 14.80.50.28.01.00.00.000001 | D104: ='Unit Prices'!D104 -> scaffold Caster wheel | I104: =SUM(F104:H104) -> 0 | J104: =E104-I104 -> 0 | P104: =SUM(M104:O104) -> 0
A105: 97 | B105: ='Unit Prices'!B105 -> SZ0002 | C105: ='Unit Prices'!C105 -> 14.80.50.28.02.00.00.000001 | D105: ='Unit Prices'!D105 -> scaffold fixing plate | I105: =SUM(F105:H105) -> 0 | J105: =E105-I105 -> 0 | P105: =SUM(M105:O105) -> 0
A106: 98 | B106: ='Unit Prices'!B106 -> TQ0014 | C106: ='Unit Prices'!C106 -> 14.80.50.09.03.03.12.000001 | D106: ='Unit Prices'!D106 -> Excavation Side Protection Y Post 1.20 m | I106: =SUM(F106:H106) -> 0 | J106: =E106-I106 -> 0 | P106: =SUM(M106:O106) -> 0
A107: 99 | B107: ='Unit Prices'!B107 -> TQ0005 | C107: ='Unit Prices'!C107 -> 14.80.50.09.00.05.00.000001 | D107: ='Unit Prices'!D107 -> TUBE 0.5M | I107: =SUM(F107:H107) -> 0 | J107: =E107-I107 -> 0 | P107: =SUM(M107:O107) -> 0
A108: 100 | B108: ='Unit Prices'!B108 -> TQ0001 | C108: ='Unit Prices'!C108 -> 14.80.50.09.00.01.00.000001 | D108: ='Unit Prices'!D108 -> TUBE 1M | I108: =SUM(F108:H108) -> 0 | J108: =E108-I108 -> 0 | P108: =SUM(M108:O108) -> 0
A109: 101 | B109: ='Unit Prices'!B109 -> TQ0008 | C109: ='Unit Prices'!C109 -> 14.80.50.09.00.15.00.000001 | D109: ='Unit Prices'!D109 -> TUBE 1.5M | I109: =SUM(F109:H109) -> 0 | J109: =E109-I109 -> 0 | P109: =SUM(M109:O109) -> 0
... A758: 750 | B758: ='Unit Prices'!B758 -> 0 | C758: ='Unit Prices'!C758 -> 0 | D758: ='Unit Prices'!D758 -> #N/A | I758: =SUM(F758:H758) -> 0 | J758: =E758-I758 -> 0 | P758: =SUM(M758:O758) -> 0

Sheet PR-0004
A1: Project Name: | D1: Slab | E1: 0 | F1: =$C$6*E1 -> 0 | I1: =E1 -> 0 | J1: =E1 -> 0 | P1: =I1 -> 0
D2: Walls and Colums | E2: 0 | F2: =$C$6*E2 -> 0 | I2: =E2 -> 0 | J2: =E2 -> 0 | P2: =I2 -> 0
A3: PR# No: | D3: Scaffolding | E3: 0 | F3: =$C$6*E3 -> 0 | I3: =E3 -> 0 | J3: =E3 -> 0 | P3: =I3 -> 0
A4: PR# Date: | D4: Safety | E4: 0 | F4: =$C$6*E4 -> 0 | I4: =E4 -> 0 | J4: =E4 -> 0 | M4: Return Qty | P4: =I4 -> 0
A5: PR# For: | D5: Recived/Transfer Date:
A6: Area: | D6: Store Voucher No:
A8: No | B8: ASSET CODE | C8: FULL SERIAL | D8: ITEMS NAME | E8: Req Qty | I8: Send Qty | J8: Remain Qty | K8: Remarks | P8: T.Return
A9: 1 | B9: ='Unit Prices'!B9 -> CK0021 | C9: ='Unit Prices'!C9 -> 14.80.02.19.06.05.00.000001 | D9: ='Unit Prices'!D9 -> cuplock Vertical 0.5M | I9: =SUM(F9:H9) -> 0 | J9: =E9-I9 -> 0 | P9: =SUM(M9:O9) -> 0
A10: 2 | B10: ='Unit Prices'!B10 -> CK0018 | C10: ='Unit Prices'!C10 -> 14.80.02.19.06.01.00.000001 | D10: ='Unit Prices'!D10 -> cuplock Vertical 1M | I10: =SUM(F10:H10) -> 0 | J10: =E10-I10 -> 0 | P10: =SUM(M10:O10) -> 0
A11: 3 | B11: ='Unit Prices'!B11 -> CK0022 | C11: ='Unit Prices'!C11 -> 14.80.02.19.06.13.00.000001 | D11: ='Unit Prices'!D11 -> cuplock Vertical 1.3M | I11: =SUM(F11:H11) -> 0 | J11: =E11-I11 -> 0 | P11: =SUM(M11:O11) -> 0
A12: 4 | B12: ='Unit Prices'!B12 -> CK0023 | C12: ='Unit Prices'!C12 -> 14.80.02.19.06.15.00.000001 | D12: ='Unit Prices'!D12 -> cuplock Vertical 1.5M | I12: =SUM(F12:H12) -> 0 | J12: =E12-I12 -> 0 | P12: =SUM(M12:O12) -> 0
A13: 5 | B13: ='Unit Prices'!B13 -> CK0024 | C13: ='Unit Prices'!C13 -> 14.80.02.19.06.18.00.000001 | D13: ='Unit Prices'!D13 -> cuplock Vertical 1.8M | I13: =SUM(F13:H13) -> 0 | J13: =E13-I13 -> 0 | P13: =SUM(M13:O13) -> 0
A14: 6 | B14: ='Unit Prices'!B14 -> CK0019 | C14: ='Unit Prices'!C14 -> 14.80.02.19.06.02.00.000001 | D14: ='Unit Prices'!D14 -> cuplock Vertical 2M | I14: =SUM(F14:H14) -> 0 | J14: =E14-I14 -> 0 | P14: =SUM(M14:O14) -> 0
A15: 7 | B15: ='Unit Prices'!B15 -> CK0025 | C15: ='Unit Prices'!C15 -> 14.80.02.19.06.23.00.000001 | D15: ='Unit Prices'!D15 -> cuplock Vertical 2.3M | I15: =SUM(F15:H15) -> 0 | J15: =E15-I15 -> 0 | P15: =SUM(M15:O15) -> 0
A16: 8 | B16: ='Unit Prices'!B16 -> CK0026 | C16: ='Unit Prices'!C16 -> 14.80.02.19.06.25.00.000001 | D16: ='Unit Prices'!D16 -> cuplock Vertical 2.5M | I16: =SUM(F16:H16) -> 0 | J16: =E16-I16 -> 0 | P16: =SUM(M16:O16) -> 0
A17: 9 | B17: ='Unit Prices'!B17 -> CK0027 | C17: ='Unit Prices'!C17 -> 14.80.02.19.06.28.00.000001 | D17: ='Unit Prices'!D17 -> cuplock Vertical 2.8M | I17: =SUM(F17:H17) -> 0 | J17: =E17-I17 -> 0 | P17: =SUM(M17:O17) -> 0
A18: 10 | B18: ='Unit Prices'!B18 -> CK0020 | C18: ='Unit Prices'!C18 -> 14.80.02.19.06.03.00.000001 | D18: ='Unit Prices'!D18 -> cuplock Vertical 3M | I18: =SUM(F18:H18) -> 0 | J18: =E18-I18 -> 0 | P18: =SUM(M18:O18) -> 0
A19: 11 | B19: ='Unit Prices'!B19 -> CL0001 | C19: ='Unit Prices'!C19 -> 14.80.50.24.01.00.00.000001 | D19: ='Unit Prices'!D19 -> cuplock Spigot | I19: =SUM(F19:H19) -> 0 | J19: =E19-I19 -> 0 | P19: =SUM(M19:O19) -> 0
A20: 12 | B20: ='Unit Prices'!B20 -> CK0006 | C20: ='Unit Prices'!C20 -> 14.80.02.19.04.04.00.000001 | D20: ='Unit Prices'!D20 -> cuplock Ledger 0.4M | I20: =SUM(F20:H20) -> 0 | J20: =E20-I20 -> 0 | P20: =SUM(M20:O20) -> 0
... A758: 750 | B758: ='Unit Prices'!B758 -> 0 | C758: ='Unit Prices'!C758 -> 0 | D758: ='Unit Prices'!D758 -> #N/A | I758: =SUM(F758:H758) -> 0 | J758: =E758-I758 -> 0 | P758: =SUM(M758:O758) -> 0

Sheet PR-0005
A1: Project Name: | D1: Slab | E1: 0 | F1: =$C$6*E1 -> 0 | I1: =E1 -> 0 | J1: =E1 -> 0 | P1: =I1 -> 0
D2: Walls and Colums | E2: 0 | F2: =$C$6*E2 -> 0 | I2: =E2 -> 0 | J2: =E2 -> 0 | P2: =I2 -> 0
A3: PR# No: | D3: Scaffolding | E3: 0 | F3: =$C$6*E3 -> 0 | I3: =E3 -> 0 | J3: =E3 -> 0 | P3: =I3 -> 0
A4: PR# Date: | D4: Safety | E4: 0 | F4: =$C$6*E4 -> 0 | I4: =E4 -> 0 | J4: =E4 -> 0 | M4: Return Qty | P4: =I4 -> 0
A5: PR# For: | D5: Recived/Transfer Date:
A6: Area: | D6: Store Voucher No:
A8: No | B8: ASSET CODE | C8: FULL SERIAL | D8: ITEMS NAME | E8: Req Qty | I8: Send Qty | J8: Remain Qty | K8: Remarks | P8: T.Return
A9: 1 | B9: ='Unit Prices'!B9 -> CK0021 | C9: ='Unit Prices'!C9 -> 14.80.02.19.06.05.00.000001 | D9: ='Unit Prices'!D9 -> cuplock Vertical 0.5M | I9: =SUM(F9:H9) -> 0 | J9: =E9-I9 -> 0 | P9: =SUM(M9:O9) -> 0
A10: 2 | B10: ='Unit Prices'!B10 -> CK0018 | C10: ='Unit Prices'!C10 -> 14.80.02.19.06.01.00.000001 | D10: ='Unit Prices'!D10 -> cuplock Vertical 1M | I10: =SUM(F10:H10) -> 0 | J10: =E10-I10 -> 0 | P10: =SUM(M10:O10) -> 0
A11: 3 | B11: ='Unit Prices'!B11 -> CK0022 | C11: ='Unit Prices'!C11 -> 14.80.02.19.06.13.00.000001 | D11: ='Unit Prices'!D11 -> cuplock Vertical 1.3M | I11: =SUM(F11:H11) -> 0 | J11: =E11-I11 -> 0 | P11: =SUM(M11:O11) -> 0
A12: 4 | B12: ='Unit Prices'!B12 -> CK0023 | C12: ='Unit Prices'!C12 -> 14.80.02.19.06.15.00.000001 | D12: ='Unit Prices'!D12 -> cuplock Vertical 1.5M | I12: =SUM(F12:H12) -> 0 | J12: =E12-I12 -> 0 | P12: =SUM(M12:O12) -> 0
A13: 5 | B13: ='Unit Prices'!B13 -> CK0024 | C13: ='Unit Prices'!C13 -> 14.80.02.19.06.18.00.000001 | D13: ='Unit Prices'!D13 -> cuplock Vertical 1.8M | I13: =SUM(F13:H13) -> 0 | J13: =E13-I13 -> 0 | P13: =SUM(M13:O13) -> 0
A14: 6 | B14: ='Unit Prices'!B14 -> CK0019 | C14: ='Unit Prices'!C14 -> 14.80.02.19.06.02.00.000001 | D14: ='Unit Prices'!D14 -> cuplock Vertical 2M | I14: =SUM(F14:H14) -> 0 | J14: =E14-I14 -> 0 | P14: =SUM(M14:O14) -> 0
A15: 7 | B15: ='Unit Prices'!B15 -> CK0025 | C15: ='Unit Prices'!C15 -> 14.80.02.19.06.23.00.000001 | D15: ='Unit Prices'!D15 -> cuplock Vertical 2.3M | I15: =SUM(F15:H15) -> 0 | J15: =E15-I15 -> 0 | P15: =SUM(M15:O15) -> 0
A16: 8 | B16: ='Unit Prices'!B16 -> CK0026 | C16: ='Unit Prices'!C16 -> 14.80.02.19.06.25.00.000001 | D16: ='Unit Prices'!D16 -> cuplock Vertical 2.5M | I16: =SUM(F16:H16) -> 0 | J16: =E16-I16 -> 0 | P16: =SUM(M16:O16) -> 0
A17: 9 | B17: ='Unit Prices'!B17 -> CK0027 | C17: ='Unit Prices'!C17 -> 14.80.02.19.06.28.00.000001 | D17: ='Unit Prices'!D17 -> cuplock Vertical 2.8M | I17: =SUM(F17:H17) -> 0 | J17: =E17-I17 -> 0 | P17: =SUM(M17:O17) -> 0
A18: 10 | B18: ='Unit Prices'!B18 -> CK0020 | C18: ='Unit Prices'!C18 -> 14.80.02.19.06.03.00.000001 | D18: ='Unit Prices'!D18 -> cuplock Vertical 3M | I18: =SUM(F18:H18) -> 0 | J18: =E18-I18 -> 0 | P18: =SUM(M18:O18) -> 0
A19: 11 | B19: ='Unit Prices'!B19 -> CL0001 | C19: ='Unit Prices'!C19 -> 14.80.50.24.01.00.00.000001 | D19: ='Unit Prices'!D19 -> cuplock Spigot | I19: =SUM(F19:H19) -> 0 | J19: =E19-I19 -> 0 | P19: =SUM(M19:O19) -> 0
A20: 12 | B20: ='Unit Prices'!B20 -> CK0006 | C20: ='Unit Prices'!C20 -> 14.80.02.19.04.04.00.000001 | D20: ='Unit Prices'!D20 -> cuplock Ledger 0.4M | I20: =SUM(F20:H20) -> 0 | J20: =E20-I20 -> 0 | P20: =SUM(M20:O20) -> 0
... A758: 750 | B758: ='Unit Prices'!B758 -> 0 | C758: ='Unit Prices'!C758 -> 0 | D758: ='Unit Prices'!D758 -> #N/A | I758: =SUM(F758:H758) -> 0 | J758: =E758-I758 -> 0 | P758: =SUM(M758:O758) -> 0

Sheet PR-0006
A1: Project Name: | D1: Slab | E1: 0 | F1: =$C$6*E1 -> 0 | I1: =E1 -> 0 | J1: =E1 -> 0 | P1: =I1 -> 0
D2: Walls and Colums | E2: 0 | F2: =$C$6*E2 -> 0 | I2: =E2 -> 0 | J2: =E2 -> 0 | P2: =I2 -> 0
A3: PR# No: | D3: Scaffolding | E3: 0 | F3: =$C$6*E3 -> 0 | I3: =E3 -> 0 | J3: =E3 -> 0 | P3: =I3 -> 0
A4: PR# Date: | D4: Safety | E4: 0 | F4: =$C$6*E4 -> 0 | I4: =E4 -> 0 | J4: =E4 -> 0 | M4: Return Qty | P4: =I4 -> 0
A5: PR# For: | D5: Recived/Transfer Date:
A6: Area: | D6: Store Voucher No:
A8: No | B8: ASSET CODE | C8: FULL SERIAL | D8: ITEMS NAME | E8: Req Qty | I8: Send Qty | J8: Remain Qty | K8: Remarks | P8: T.Return
A9: 1 | B9: ='Unit Prices'!B9 -> CK0021 | C9: ='Unit Prices'!C9 -> 14.80.02.19.06.05.00.000001 | D9: ='Unit Prices'!D9 -> cuplock Vertical 0.5M | I9: =SUM(F9:H9) -> 0 | J9: =E9-I9 -> 0 | P9: =SUM(M9:O9) -> 0
A10: 2 | B10: ='Unit Prices'!B10 -> CK0018 | C10: ='Unit Prices'!C10 -> 14.80.02.19.06.01.00.000001 | D10: ='Unit Prices'!D10 -> cuplock Vertical 1M | I10: =SUM(F10:H10) -> 0 | J10: =E10-I10 -> 0 | P10: =SUM(M10:O10) -> 0
A11: 3 | B11: ='Unit Prices'!B11 -> CK0022 | C11: ='Unit Prices'!C11 -> 14.80.02.19.06.13.00.000001 | D11: ='Unit Prices'!D11 -> cuplock Vertical 1.3M | I11: =SUM(F11:H11) -> 0 | J11: =E11-I11 -> 0 | P11: =SUM(M11:O11) -> 0
A12: 4 | B12: ='Unit Prices'!B12 -> CK0023 | C12: ='Unit Prices'!C12 -> 14.80.02.19.06.15.00.000001 | D12: ='Unit Prices'!D12 -> cuplock Vertical 1.5M | I12: =SUM(F12:H12) -> 0 | J12: =E12-I12 -> 0 | P12: =SUM(M12:O12) -> 0
A13: 5 | B13: ='Unit Prices'!B13 -> CK0024 | C13: ='Unit Prices'!C13 -> 14.80.02.19.06.18.00.000001 | D13: ='Unit Prices'!D13 -> cuplock Vertical 1.8M | I13: =SUM(F13:H13) -> 0 | J13: =E13-I13 -> 0 | P13: =SUM(M13:O13) -> 0
A14: 6 | B14: ='Unit Prices'!B14 -> CK0019 | C14: ='Unit Prices'!C14 -> 14.80.02.19.06.02.00.000001 | D14: ='Unit Prices'!D14 -> cuplock Vertical 2M | I14: =SUM(F14:H14) -> 0 | J14: =E14-I14 -> 0 | P14: =SUM(M14:O14) -> 0
A15: 7 | B15: ='Unit Prices'!B15 -> CK0025 | C15: ='Unit Prices'!C15 -> 14.80.02.19.06.23.00.000001 | D15: ='Unit Prices'!D15 -> cuplock Vertical 2.3M | I15: =SUM(F15:H15) -> 0 | J15: =E15-I15 -> 0 | P15: =SUM(M15:O15) -> 0
A16: 8 | B16: ='Unit Prices'!B16 -> CK0026 | C16: ='Unit Prices'!C16 -> 14.80.02.19.06.25.00.000001 | D16: ='Unit Prices'!D16 -> cuplock Vertical 2.5M | I16: =SUM(F16:H16) -> 0 | J16: =E16-I16 -> 0 | P16: =SUM(M16:O16) -> 0
A17: 9 | B17: ='Unit Prices'!B17 -> CK0027 | C17: ='Unit Prices'!C17 -> 14.80.02.19.06.28.00.000001 | D17: ='Unit Prices'!D17 -> cuplock Vertical 2.8M | I17: =SUM(F17:H17) -> 0 | J17: =E17-I17 -> 0 | P17: =SUM(M17:O17) -> 0
A18: 10 | B18: ='Unit Prices'!B18 -> CK0020 | C18: ='Unit Prices'!C18 -> 14.80.02.19.06.03.00.000001 | D18: ='Unit Prices'!D18 -> cuplock Vertical 3M | I18: =SUM(F18:H18) -> 0 | J18: =E18-I18 -> 0 | P18: =SUM(M18:O18) -> 0
A19: 11 | B19: ='Unit Prices'!B19 -> CL0001 | C19: ='Unit Prices'!C19 -> 14.80.50.24.01.00.00.000001 | D19: ='Unit Prices'!D19 -> cuplock Spigot | I19: =SUM(F19:H19) -> 0 | J19: =E19-I19 -> 0 | P19: =SUM(M19:O19) -> 0
A20: 12 | B20: ='Unit Prices'!B20 -> CK0006 | C20: ='Unit Prices'!C20 -> 14.80.02.19.04.04.00.000001 | D20: ='Unit Prices'!D20 -> cuplock Ledger 0.4M | I20: =SUM(F20:H20) -> 0 | J20: =E20-I20 -> 0 | P20: =SUM(M20:O20) -> 0
... A758: 750 | B758: ='Unit Prices'!B758 -> 0 | C758: ='Unit Prices'!C758 -> 0 | D758: ='Unit Prices'!D758 -> #N/A | I758: =SUM(F758:H758) -> 0 | J758: =E758-I758 -> 0 | P758: =SUM(M758:O758) -> 0

Sheet PR-0007
A1: Project Name: | D1: Slab | E1: 0 | F1: =$C$6*E1 -> 0 | I1: =E1 -> 0 | J1: =E1 -> 0 | P1: =I1 -> 0
D2: Walls and Colums | E2: 0 | F2: =$C$6*E2 -> 0 | I2: =E2 -> 0 | J2: =E2 -> 0 | P2: =I2 -> 0
A3: PR# No: | D3: Scaffolding | E3: 0 | F3: =$C$6*E3 -> 0 | I3: =E3 -> 0 | J3: =E3 -> 0 | P3: =I3 -> 0
A4: PR# Date: | D4: Safety | E4: 0 | F4: =$C$6*E4 -> 0 | I4: =E4 -> 0 | J4: =E4 -> 0 | M4: Return Qty | P4: =I4 -> 0
A5: PR# For: | D5: Recived/Transfer Date:
A6: Area: | D6: Store Voucher No:
A8: No | B8: ASSET CODE | C8: FULL SERIAL | D8: ITEMS NAME | E8: Req Qty | I8: Send Qty | J8: Remain Qty | K8: Remarks | P8: T.Return
A9: 1 | B9: ='Unit Prices'!B9 -> CK0021 | C9: ='Unit Prices'!C9 -> 14.80.02.19.06.05.00.000001 | D9: ='Unit Prices'!D9 -> cuplock Vertical 0.5M | I9: =SUM(F9:H9) -> 0 | J9: =E9-I9 -> 0 | P9: =SUM(M9:O9) -> 0
A10: 2 | B10: ='Unit Prices'!B10 -> CK0018 | C10: ='Unit Prices'!C10 -> 14.80.02.19.06.01.00.000001 | D10: ='Unit Prices'!D10 -> cuplock Vertical 1M | I10: =SUM(F10:H10) -> 0 | J10: =E10-I10 -> 0 | P10: =SUM(M10:O10) -> 0
A11: 3 | B11: ='Unit Prices'!B11 -> CK0022 | C11: ='Unit Prices'!C11 -> 14.80.02.19.06.13.00.000001 | D11: ='Unit Prices'!D11 -> cuplock Vertical 1.3M | I11: =SUM(F11:H11) -> 0 | J11: =E11-I11 -> 0 | P11: =SUM(M11:O11) -> 0
A12: 4 | B12: ='Unit Prices'!B12 -> CK0023 | C12: ='Unit Prices'!C12 -> 14.80.02.19.06.15.00.000001 | D12: ='Unit Prices'!D12 -> cuplock Vertical 1.5M | I12: =SUM(F12:H12) -> 0 | J12: =E12-I12 -> 0 | P12: =SUM(M12:O12) -> 0
A13: 5 | B13: ='Unit Prices'!B13 -> CK0024 | C13: ='Unit Prices'!C13 -> 14.80.02.19.06.18.00.000001 | D13: ='Unit Prices'!D13 -> cuplock Vertical 1.8M | I13: =SUM(F13:H13) -> 0 | J13: =E13-I13 -> 0 | P13: =SUM(M13:O13) -> 0
A14: 6 | B14: ='Unit Prices'!B14 -> CK0019 | C14: ='Unit Prices'!C14 -> 14.80.02.19.06.02.00.000001 | D14: ='Unit Prices'!D14 -> cuplock Vertical 2M | I14: =SUM(F14:H14) -> 0 | J14: =E14-I14 -> 0 | P14: =SUM(M14:O14) -> 0
A15: 7 | B15: ='Unit Prices'!B15 -> CK0025 | C15: ='Unit Prices'!C15 -> 14.80.02.19.06.23.00.000001 | D15: ='Unit Prices'!D15 -> cuplock Vertical 2.3M | I15: =SUM(F15:H15) -> 0 | J15: =E15-I15 -> 0 | P15: =SUM(M15:O15) -> 0
A16: 8 | B16: ='Unit Prices'!B16 -> CK0026 | C16: ='Unit Prices'!C16 -> 14.80.02.19.06.25.00.000001 | D16: ='Unit Prices'!D16 -> cuplock Vertical 2.5M | I16: =SUM(F16:H16) -> 0 | J16: =E16-I16 -> 0 | P16: =SUM(M16:O16) -> 0
A17: 9 | B17: ='Unit Prices'!B17 -> CK0027 | C17: ='Unit Prices'!C17 -> 14.80.02.19.06.28.00.000001 | D17: ='Unit Prices'!D17 -> cuplock Vertical 2.8M | I17: =SUM(F17:H17) -> 0 | J17: =E17-I17 -> 0 | P17: =SUM(M17:O17) -> 0
A18: 10 | B18: ='Unit Prices'!B18 -> CK0020 | C18: ='Unit Prices'!C18 -> 14.80.02.19.06.03.00.000001 | D18: ='Unit Prices'!D18 -> cuplock Vertical 3M | I18: =SUM(F18:H18) -> 0 | J18: =E18-I18 -> 0 | P18: =SUM(M18:O18) -> 0
A19: 11 | B19: ='Unit Prices'!B19 -> CL0001 | C19: ='Unit Prices'!C19 -> 14.80.50.24.01.00.00.000001 | D19: ='Unit Prices'!D19 -> cuplock Spigot | I19: =SUM(F19:H19) -> 0 | J19: =E19-I19 -> 0 | P19: =SUM(M19:O19) -> 0
A20: 12 | B20: ='Unit Prices'!B20 -> CK0006 | C20: ='Unit Prices'!C20 -> 14.80.02.19.04.04.00.000001 | D20: ='Unit Prices'!D20 -> cuplock Ledger 0.4M | I20: =SUM(F20:H20) -> 0 | J20: =E20-I20 -> 0 | P20: =SUM(M20:O20) -> 0
... A758: 750 | B758: ='Unit Prices'!B758 -> 0 | C758: ='Unit Prices'!C758 -> 0 | D758: ='Unit Prices'!D758 -> #N/A | I758: =SUM(F758:H758) -> 0 | J758: =E758-I758 -> 0 | P758: =SUM(M758:O758) -> 0

Sheet PR-0008
A1: Project Name: | D1: Slab | E1: 0 | F1: =$C$6*E1 -> 0 | I1: =E1 -> 0 | J1: =E1 -> 0 | P1: =I1 -> 0
D2: Walls and Colums | E2: 0 | F2: =$C$6*E2 -> 0 | I2: =E2 -> 0 | J2: =E2 -> 0 | P2: =I2 -> 0
A3: PR# No: | D3: Scaffolding | E3: 0 | F3: =$C$6*E3 -> 0 | I3: =E3 -> 0 | J3: =E3 -> 0 | P3: =I3 -> 0
A4: PR# Date: | D4: Safety | E4: 0 | F4: =$C$6*E4 -> 0 | I4: =E4 -> 0 | J4: =E4 -> 0 | M4: Return Qty | P4: =I4 -> 0
A5: PR# For: | D5: Recived/Transfer Date:
A6: Area: | D6: Store Voucher No:
A8: No | B8: ASSET CODE | C8: FULL SERIAL | D8: ITEMS NAME | E8: Req Qty | I8: Send Qty | J8: Remain Qty | K8: Remarks | P8: T.Return
A9: 1 | B9: ='Unit Prices'!B9 -> CK0021 | C9: ='Unit Prices'!C9 -> 14.80.02.19.06.05.00.000001 | D9: ='Unit Prices'!D9 -> cuplock Vertical 0.5M | I9: =SUM(F9:H9) -> 0 | J9: =E9-I9 -> 0 | P9: =SUM(M9:O9) -> 0
A10: 2 | B10: ='Unit Prices'!B10 -> CK0018 | C10: ='Unit Prices'!C10 -> 14.80.02.19.06.01.00.000001 | D10: ='Unit Prices'!D10 -> cuplock Vertical 1M | I10: =SUM(F10:H10) -> 0 | J10: =E10-I10 -> 0 | P10: =SUM(M10:O10) -> 0
A11: 3 | B11: ='Unit Prices'!B11 -> CK0022 | C11: ='Unit Prices'!C11 -> 14.80.02.19.06.13.00.000001 | D11: ='Unit Prices'!D11 -> cuplock Vertical 1.3M | I11: =SUM(F11:H11) -> 0 | J11: =E11-I11 -> 0 | P11: =SUM(M11:O11) -> 0
A12: 4 | B12: ='Unit Prices'!B12 -> CK0023 | C12: ='Unit Prices'!C12 -> 14.80.02.19.06.15.00.000001 | D12: ='Unit Prices'!D12 -> cuplock Vertical 1.5M | I12: =SUM(F12:H12) -> 0 | J12: =E12-I12 -> 0 | P12: =SUM(M12:O12) -> 0
A13: 5 | B13: ='Unit Prices'!B13 -> CK0024 | C13: ='Unit Prices'!C13 -> 14.80.02.19.06.18.00.000001 | D13: ='Unit Prices'!D13 -> cuplock Vertical 1.8M | I13: =SUM(F13:H13) -> 0 | J13: =E13-I13 -> 0 | P13: =SUM(M13:O13) -> 0
A14: 6 | B14: ='Unit Prices'!B14 -> CK0019 | C14: ='Unit Prices'!C14 -> 14.80.02.19.06.02.00.000001 | D14: ='Unit Prices'!D14 -> cuplock Vertical 2M | I14: =SUM(F14:H14) -> 0 | J14: =E14-I14 -> 0 | P14: =SUM(M14:O14) -> 0
A15: 7 | B15: ='Unit Prices'!B15 -> CK0025 | C15: ='Unit Prices'!C15 -> 14.80.02.19.06.23.00.000001 | D15: ='Unit Prices'!D15 -> cuplock Vertical 2.3M | I15: =SUM(F15:H15) -> 0 | J15: =E15-I15 -> 0 | P15: =SUM(M15:O15) -> 0
A16: 8 | B16: ='Unit Prices'!B16 -> CK0026 | C16: ='Unit Prices'!C16 -> 14.80.02.19.06.25.00.000001 | D16: ='Unit Prices'!D16 -> cuplock Vertical 2.5M | I16: =SUM(F16:H16) -> 0 | J16: =E16-I16 -> 0 | P16: =SUM(M16:O16) -> 0
A17: 9 | B17: ='Unit Prices'!B17 -> CK0027 | C17: ='Unit Prices'!C17 -> 14.80.02.19.06.28.00.000001 | D17: ='Unit Prices'!D17 -> cuplock Vertical 2.8M | I17: =SUM(F17:H17) -> 0 | J17: =E17-I17 -> 0 | P17: =SUM(M17:O17) -> 0
A18: 10 | B18: ='Unit Prices'!B18 -> CK0020 | C18: ='Unit Prices'!C18 -> 14.80.02.19.06.03.00.000001 | D18: ='Unit Prices'!D18 -> cuplock Vertical 3M | I18: =SUM(F18:H18) -> 0 | J18: =E18-I18 -> 0 | P18: =SUM(M18:O18) -> 0
A19: 11 | B19: ='Unit Prices'!B19 -> CL0001 | C19: ='Unit Prices'!C19 -> 14.80.50.24.01.00.00.000001 | D19: ='Unit Prices'!D19 -> cuplock Spigot | I19: =SUM(F19:H19) -> 0 | J19: =E19-I19 -> 0 | P19: =SUM(M19:O19) -> 0
A20: 12 | B20: ='Unit Prices'!B20 -> CK0006 | C20: ='Unit Prices'!C20 -> 14.80.02.19.04.04.00.000001 | D20: ='Unit Prices'!D20 -> cuplock Ledger 0.4M | I20: =SUM(F20:H20) -> 0 | J20: =E20-I20 -> 0 | P20: =SUM(M20:O20) -> 0
... A758: 750 | B758: ='Unit Prices'!B758 -> 0 | C758: ='Unit Prices'!C758 -> 0 | D758: ='Unit Prices'!D758 -> #N/A | I758: =SUM(F758:H758) -> 0 | J758: =E758-I758 -> 0 | P758: =SUM(M758:O758) -> 0

Sheet PR-0009
A1: Project Name: | D1: Slab | E1: 0 | F1: =$C$6*E1 -> 0 | I1: =E1 -> 0 | J1: =E1 -> 0 | P1: =I1 -> 0
D2: Walls and Colums | E2: 0 | F2: =$C$6*E2 -> 0 | I2: =E2 -> 0 | J2: =E2 -> 0 | P2: =I2 -> 0
A3: PR# No: | D3: Scaffolding | E3: 0 | F3: =$C$6*E3 -> 0 | I3: =E3 -> 0 | J3: =E3 -> 0 | P3: =I3 -> 0
A4: PR# Date: | D4: Safety | E4: 0 | F4: =$C$6*E4 -> 0 | I4: =E4 -> 0 | J4: =E4 -> 0 | M4: Return Qty | P4: =I4 -> 0
A5: PR# For: | D5: Recived/Transfer Date:
A6: Area: | D6: Store Voucher No:
A8: No | B8: ASSET CODE | C8: FULL SERIAL | D8: ITEMS NAME | E8: Req Qty | I8: Send Qty | J8: Remain Qty | K8: Remarks | P8: T.Return
A9: 1 | B9: ='Unit Prices'!B9 -> CK0021 | C9: ='Unit Prices'!C9 -> 14.80.02.19.06.05.00.000001 | D9: ='Unit Prices'!D9 -> cuplock Vertical 0.5M | I9: =SUM(F9:H9) -> 0 | J9: =E9-I9 -> 0 | P9: =SUM(M9:O9) -> 0
A10: 2 | B10: ='Unit Prices'!B10 -> CK0018 | C10: ='Unit Prices'!C10 -> 14.80.02.19.06.01.00.000001 | D10: ='Unit Prices'!D10 -> cuplock Vertical 1M | I10: =SUM(F10:H10) -> 0 | J10: =E10-I10 -> 0 | P10: =SUM(M10:O10) -> 0
A11: 3 | B11: ='Unit Prices'!B11 -> CK0022 | C11: ='Unit Prices'!C11 -> 14.80.02.19.06.13.00.000001 | D11: ='Unit Prices'!D11 -> cuplock Vertical 1.3M | I11: =SUM(F11:H11) -> 0 | J11: =E11-I11 -> 0 | P11: =SUM(M11:O11) -> 0
A12: 4 | B12: ='Unit Prices'!B12 -> CK0023 | C12: ='Unit Prices'!C12 -> 14.80.02.19.06.15.00.000001 | D12: ='Unit Prices'!D12 -> cuplock Vertical 1.5M | I12: =SUM(F12:H12) -> 0 | J12: =E12-I12 -> 0 | P12: =SUM(M12:O12) -> 0
A13: 5 | B13: ='Unit Prices'!B13 -> CK0024 | C13: ='Unit Prices'!C13 -> 14.80.02.19.06.18.00.000001 | D13: ='Unit Prices'!D13 -> cuplock Vertical 1.8M | I13: =SUM(F13:H13) -> 0 | J13: =E13-I13 -> 0 | P13: =SUM(M13:O13) -> 0
A14: 6 | B14: ='Unit Prices'!B14 -> CK0019 | C14: ='Unit Prices'!C14 -> 14.80.02.19.06.02.00.000001 | D14: ='Unit Prices'!D14 -> cuplock Vertical 2M | I14: =SUM(F14:H14) -> 0 | J14: =E14-I14 -> 0 | P14: =SUM(M14:O14) -> 0
A15: 7 | B15: ='Unit Prices'!B15 -> CK0025 | C15: ='Unit Prices'!C15 -> 14.80.02.19.06.23.00.000001 | D15: ='Unit Prices'!D15 -> cuplock Vertical 2.3M | I15: =SUM(F15:H15) -> 0 | J15: =E15-I15 -> 0 | P15: =SUM(M15:O15) -> 0
A16: 8 | B16: ='Unit Prices'!B16 -> CK0026 | C16: ='Unit Prices'!C16 -> 14.80.02.19.06.25.00.000001 | D16: ='Unit Prices'!D16 -> cuplock Vertical 2.5M | I16: =SUM(F16:H16) -> 0 | J16: =E16-I16 -> 0 | P16: =SUM(M16:O16) -> 0
A17: 9 | B17: ='Unit Prices'!B17 -> CK0027 | C17: ='Unit Prices'!C17 -> 14.80.02.19.06.28.00.000001 | D17: ='Unit Prices'!D17 -> cuplock Vertical 2.8M | I17: =SUM(F17:H17) -> 0 | J17: =E17-I17 -> 0 | P17: =SUM(M17:O17) -> 0
A18: 10 | B18: ='Unit Prices'!B18 -> CK0020 | C18: ='Unit Prices'!C18 -> 14.80.02.19.06.03.00.000001 | D18: ='Unit Prices'!D18 -> cuplock Vertical 3M | I18: =SUM(F18:H18) -> 0 | J18: =E18-I18 -> 0 | P18: =SUM(M18:O18) -> 0
A19: 11 | B19: ='Unit Prices'!B19 -> CL0001 | C19: ='Unit Prices'!C19 -> 14.80.50.24.01.00.00.000001 | D19: ='Unit Prices'!D19 -> cuplock Spigot | I19: =SUM(F19:H19) -> 0 | J19: =E19-I19 -> 0 | P19: =SUM(M19:O19) -> 0
A20: 12 | B20: ='Unit Prices'!B20 -> CK0006 | C20: ='Unit Prices'!C20 -> 14.80.02.19.04.04.00.000001 | D20: ='Unit Prices'!D20 -> cuplock Ledger 0.4M | I20: =SUM(F20:H20) -> 0 | J20: =E20-I20 -> 0 | P20: =SUM(M20:O20) -> 0
... A758: 750 | B758: ='Unit Prices'!B758 -> 0 | C758: ='Unit Prices'!C758 -> 0 | D758: ='Unit Prices'!D758 -> #N/A | I758: =SUM(F758:H758) -> 0 | J758: =E758-I758 -> 0 | P758: =SUM(M758:O758) -> 0

Sheet PR-0010
A1: Project Name: | D1: Slab | E1: 0 | F1: =$C$6*E1 -> 0 | I1: =E1 -> 0 | J1: =E1 -> 0 | P1: =I1 -> 0
D2: Walls and Colums | E2: 0 | F2: =$C$6*E2 -> 0 | I2: =E2 -> 0 | J2: =E2 -> 0 | P2: =I2 -> 0
A3: PR# No: | D3: Scaffolding | E3: 0 | F3: =$C$6*E3 -> 0 | I3: =E3 -> 0 | J3: =E3 -> 0 | P3: =I3 -> 0
A4: PR# Date: | D4: Safety | E4: 0 | F4: =$C$6*E4 -> 0 | I4: =E4 -> 0 | J4: =E4 -> 0 | M4: Return Qty | P4: =I4 -> 0
A5: PR# For: | D5: Recived/Transfer Date:
A6: Area: | D6: Store Voucher No:
A8: No | B8: ASSET CODE | C8: FULL SERIAL | D8: ITEMS NAME | E8: Req Qty | I8: Send Qty | J8: Remain Qty | K8: Remarks | P8: T.Return
A9: 1 | B9: ='Unit Prices'!B9 -> CK0021 | C9: ='Unit Prices'!C9 -> 14.80.02.19.06.05.00.000001 | D9: ='Unit Prices'!D9 -> cuplock Vertical 0.5M | I9: =SUM(F9:H9) -> 0 | J9: =E9-I9 -> 0 | P9: =SUM(M9:O9) -> 0
A10: 2 | B10: ='Unit Prices'!B10 -> CK0018 | C10: ='Unit Prices'!C10 -> 14.80.02.19.06.01.00.000001 | D10: ='Unit Prices'!D10 -> cuplock Vertical 1M | I10: =SUM(F10:H10) -> 0 | J10: =E10-I10 -> 0 | P10: =SUM(M10:O10) -> 0
A11: 3 | B11: ='Unit Prices'!B11 -> CK0022 | C11: ='Unit Prices'!C11 -> 14.80.02.19.06.13.00.000001 | D11: ='Unit Prices'!D11 -> cuplock Vertical 1.3M | I11: =SUM(F11:H11) -> 0 | J11: =E11-I11 -> 0 | P11: =SUM(M11:O11) -> 0
A12: 4 | B12: ='Unit Prices'!B12 -> CK0023 | C12: ='Unit Prices'!C12 -> 14.80.02.19.06.15.00.000001 | D12: ='Unit Prices'!D12 -> cuplock Vertical 1.5M | I12: =SUM(F12:H12) -> 0 | J12: =E12-I12 -> 0 | P12: =SUM(M12:O12) -> 0
A13: 5 | B13: ='Unit Prices'!B13 -> CK0024 | C13: ='Unit Prices'!C13 -> 14.80.02.19.06.18.00.000001 | D13: ='Unit Prices'!D13 -> cuplock Vertical 1.8M | I13: =SUM(F13:H13) -> 0 | J13: =E13-I13 -> 0 | P13: =SUM(M13:O13) -> 0
A14: 6 | B14: ='Unit Prices'!B14 -> CK0019 | C14: ='Unit Prices'!C14 -> 14.80.02.19.06.02.00.000001 | D14: ='Unit Prices'!D14 -> cuplock Vertical 2M | I14: =SUM(F14:H14) -> 0 | J14: =E14-I14 -> 0 | P14: =SUM(M14:O14) -> 0
A15: 7 | B15: ='Unit Prices'!B15 -> CK0025 | C15: ='Unit Prices'!C15 -> 14.80.02.19.06.23.00.000001 | D15: ='Unit Prices'!D15 -> cuplock Vertical 2.3M | I15: =SUM(F15:H15) -> 0 | J15: =E15-I15 -> 0 | P15: =SUM(M15:O15) -> 0
A16: 8 | B16: ='Unit Prices'!B16 -> CK0026 | C16: ='Unit Prices'!C16 -> 14.80.02.19.06.25.00.000001 | D16: ='Unit Prices'!D16 -> cuplock Vertical 2.5M | I16: =SUM(F16:H16) -> 0 | J16: =E16-I16 -> 0 | P16: =SUM(M16:O16) -> 0
A17: 9 | B17: ='Unit Prices'!B17 -> CK0027 | C17: ='Unit Prices'!C17 -> 14.80.02.19.06.28.00.000001 | D17: ='Unit Prices'!D17 -> cuplock Vertical 2.8M | I17: =SUM(F17:H17) -> 0 | J17: =E17-I17 -> 0 | P17: =SUM(M17:O17) -> 0
A18: 10 | B18: ='Unit Prices'!B18 -> CK0020 | C18: ='Unit Prices'!C18 -> 14.80.02.19.06.03.00.000001 | D18: ='Unit Prices'!D18 -> cuplock Vertical 3M | I18: =SUM(F18:H18) -> 0 | J18: =E18-I18 -> 0 | P18: =SUM(M18:O18) -> 0
A19: 11 | B19: ='Unit Prices'!B19 -> CL0001 | C19: ='Unit Prices'!C19 -> 14.80.50.24.01.00.00.000001 | D19: ='Unit Prices'!D19 -> cuplock Spigot | I19: =SUM(F19:H19) -> 0 | J19: =E19-I19 -> 0 | P19: =SUM(M19:O19) -> 0
A20: 12 | B20: ='Unit Prices'!B20 -> CK0006 | C20: ='Unit Prices'!C20 -> 14.80.02.19.04.04.00.000001 | D20: ='Unit Prices'!D20 -> cuplock Ledger 0.4M | I20: =SUM(F20:H20) -> 0 | J20: =E20-I20 -> 0 | P20: =SUM(M20:O20) -> 0
... A758: 750 | B758: ='Unit Prices'!B758 -> 0 | C758: ='Unit Prices'!C758 -> 0 | D758: ='Unit Prices'!D758 -> #N/A | I758: =SUM(F758:H758) -> 0 | J758: =E758-I758 -> 0 | P758: =SUM(M758:O758) -> 0

Sheet Total
E6: SLAB | J6: WALLS & COLUMNS | O6: SCAFFOLDIN | T6: SAFETY | Z6: Total Summary
E7: Area= | F7: ='9400015894 PONEERS'!F1+'9400016451 VIDAFORM'!F1+'PO 94000171374 MASTER'!F1+'PR-0004'!F1+'PR-0005'!F1+'PR-0006'!F1+'PR-0007'!F1+'PR-0008'!F1+'PR-0009'!F1+'PR-0010'!F1 -> 0 | J7: Area= | K7: ='9400015894 PONEERS'!F2+'9400016451 VIDAFORM'!F2+'PO 94000171374 MASTER'!F2+'PR-0004'!F2+'PR-0005'!F2+'PR-0006'!F2+'PR-0007'!F2+'PR-0008'!F2+'PR-0009'!F2+'PR-0010'!F2 -> 0 | O7: Area= | P7: ='9400015894 PONEERS'!F3+'9400016451 VIDAFORM'!F3+'PO 94000171374 MASTER'!F3+'PR-0004'!F3+'PR-0005'!F3+'PR-0006'!F3+'PR-0007'!F3+'PR-0008'!F3+'PR-0009'!F3+'PR-0010'!F3 -> 0 | T7: Area= | U7: ='9400015894 PONEERS'!F4+'9400016451 VIDAFORM'!F4+'PO 94000171374 MASTER'!F4+'PR-0004'!F4+'PR-0005'!F4+'PR-0006'!F4+'PR-0007'!F4+'PR-0008'!F4+'PR-0009'!F4+'PR-0010'!F4 -> 0
A8: No | B8: ASSET CODE | C8: FULL SERIAL | D8: ITEMS NAME | E8: REQ | F8: SEND | G8: REMAIN | H8: Return Qty | I8: Ava Qty | J8: REQ | K8: SEND | L8: REMAIN | M8: Return Qty | N8: Ava Qty | O8: REQ | P8: SEND | Q8: REMAIN | R8: Return Qty | S8: Ava Qty | T8: REQ | U8: SEND | V8: REMAIN | W8: Return Qty | X8: Ava Qty | Z8: T. REQ | AA8: T. SEND | AB8: T. REMAIN
A9: 1 | B9: ='Unit Prices'!B9 -> CK0021 | C9: ='Unit Prices'!C9 -> 14.80.02.19.06.05.00.000001 | D9: ='Unit Prices'!D9 -> cuplock Vertical 0.5M | E9: ='9400015894 PONEERS'!$E$1*'9400015894 PONEERS'!E9+'9400016451 VIDAFORM'!$E$1*'9400016451 VIDAFORM'!E9+'PO 94000171374 MASTER'!$E$1*'PO 94000171374 MASTER'!E9+'PR-0004'!$E$1*'PR-0004'!E9+'PR-0005'!$E$1*'PR-0005'!E9+'PR-0006'!$E$1*'PR-0006'!E9+'PR-0007'!$E$1*'PR-0007'!E9+'PR-0008'!$E$1*'PR-0008'!E9+'PR-0009'!$E$1*'PR-0009'!E9+'PR-0010'!$E$1*'PR-0010'!E9 -> 0 | F9: ='9400015894 PONEERS'!$X$1*'9400015894 PONEERS'!X9+'9400016451 VIDAFORM'!$J$1*'9400016451 VIDAFORM'!J9+'PO 94000171374 MASTER'!$I$1*'PO 94000171374 MASTER'!I9+'PR-0004'!$I$1*'PR-0004'!I9+'PR-0005'!$I$1*'PR-0005'!I9+'PR-0006'!$I$1*'PR-0006'!I9+'PR-0007'!$I$1*'PR-0007'!I9+'PR-0008'!$I$1*'PR-0008'!I9+'PR-0009'!$I$1*'PR-0009'!I9+'PR-0010'!$I$1*'PR-0010'!I9 -> 0 | G9: =E9-F9 -> 0 | H9: ='9400015894 PONEERS'!$AE$1*'9400015894 PONEERS'!AE9+'9400016451 VIDAFORM'!$Q$1*'9400016451 VIDAFORM'!Q9+'PO 94000171374 MASTER'!$P$1*'PO 94000171374 MASTER'!P9+'PR-0004'!$P$1*'PR-0004'!P9+'PR-0005'!$P$1*'PR-0005'!P9+'PR-0006'!$P$1*'PR-0006'!P9+'PR-0007'!$P$1*'PR-0007'!P9+'PR-0008'!$P$1*'PR-0008'!P9+'PR-0009'!$P$1*'PR-0009'!P9+'PR-0010'!$P$1*'PR-0010'!P9 -> 0 | I9: =F9-H9 -> 0 | J9: ='9400015894 PONEERS'!$E$2*'9400015894 PONEERS'!E9+'9400016451 VIDAFORM'!$E$2*'9400016451 VIDAFORM'!E9+'PO 94000171374 MASTER'!$E$2*'PO 94000171374 MASTER'!E9+'PR-0004'!$E$2*'PR-0004'!E9+'PR-0005'!$E$2*'PR-0005'!E9+'PR-0006'!$E$2*'PR-0006'!E9+'PR-0007'!$E$2*'PR-0007'!E9+'PR-0008'!$E$2*'PR-0008'!E9+'PR-0009'!$E$2*'PR-0009'!E9+'PR-0010'!$E$2*'PR-0010'!E9 -> 0 | K9: ='9400015894 PONEERS'!$X$2*'9400015894 PONEERS'!X9+'9400016451 VIDAFORM'!$J$2*'9400016451 VIDAFORM'!J9+'PO 94000171374 MASTER'!$I$2*'PO 94000171374 MASTER'!I9+'PR-0004'!$I$2*'PR-0004'!I9+'PR-0005'!$I$2*'PR-0005'!I9+'PR-0006'!$I$2*'PR-0006'!I9+'PR-0007'!$I$2*'PR-0007'!I9+'PR-0008'!$I$2*'PR-0008'!I9+'PR-0009'!$I$2*'PR-0009'!I9+'PR-0010'!$I$2*'PR-0010'!I9 -> 0 | L9: =J9-K9 -> 0 | M9: ='9400015894 PONEERS'!$AE$2*'9400015894 PONEERS'!AE9+'9400016451 VIDAFORM'!$Q$2*'9400016451 VIDAFORM'!Q9+'PO 94000171374 MASTER'!$P$2*'PO 94000171374 MASTER'!P9+'PR-0004'!$P$2*'PR-0004'!P9+'PR-0005'!$P$2*'PR-0005'!P9+'PR-0006'!$P$2*'PR-0006'!P9+'PR-0007'!$P$2*'PR-0007'!P9+'PR-0008'!$P$2*'PR-0008'!P9+'PR-0009'!$P$2*'PR-0009'!P9+'PR-0010'!$P$2*'PR-0010'!P9 -> 0 | N9: =K9-M9 -> 0 | O9: ='9400015894 PONEERS'!$E$3*'9400015894 PONEERS'!E9+'9400016451 VIDAFORM'!$E$3*'9400016451 VIDAFORM'!E9+'PO 94000171374 MASTER'!$E$3*'PO 94000171374 MASTER'!E9+'PR-0004'!$E$3*'PR-0004'!E9+'PR-0005'!$E$3*'PR-0005'!E9+'PR-0006'!$E$3*'PR-0006'!E9+'PR-0007'!$E$3*'PR-0007'!E9+'PR-0008'!$E$3*'PR-0008'!E9+'PR-0009'!$E$3*'PR-0009'!E9+'PR-0010'!$E$3*'PR-0010'!E9 -> 300 | P9: ='9400015894 PONEERS'!$X$3*'9400015894 PONEERS'!X9+'9400016451 VIDAFORM'!$J$3*'9400016451 VIDAFORM'!J9+'PO 94000171374 MASTER'!$I$3*'PO 94000171374 MASTER'!I9+'PR-0004'!$I$3*'PR-0004'!I9+'PR-0005'!$I$3*'PR-0005'!I9+'PR-0006'!$I$3*'PR-0006'!I9+'PR-0007'!$I$3*'PR-0007'!I9+'PR-0008'!$I$3*'PR-0008'!I9+'PR-0009'!$I$3*'PR-0009'!I9+'PR-0010'!$I$3*'PR-0010'!I9 -> 0 | Q9: =O9-P9 -> 300 | R9: ='9400015894 PONEERS'!$AE$3*'9400015894 PONEERS'!AE9+'9400016451 VIDAFORM'!$Q$3*'9400016451 VIDAFORM'!Q9+'PO 94000171374 MASTER'!$P$3*'PO 94000171374 MASTER'!P9+'PR-0004'!$P$3*'PR-0004'!P9+'PR-0005'!$P$3*'PR-0005'!P9+'PR-0006'!$P$3*'PR-0006'!P9+'PR-0007'!$P$3*'PR-0007'!P9+'PR-0008'!$P$3*'PR-0008'!P9+'PR-0009'!$P$3*'PR-0009'!P9+'PR-0010'!$P$3*'PR-0010'!P9 -> 0 | S9: =P9-R9 -> 0 | T9: ='9400015894 PONEERS'!$E$4*'9400015894 PONEERS'!E9+'9400016451 VIDAFORM'!$E$4*'9400016451 VIDAFORM'!E9+'PO 94000171374 MASTER'!$E$4*'PO 94000171374 MASTER'!E9+'PR-0004'!$E$4*'PR-0004'!E9+'PR-0005'!$E$4*'PR-0005'!E9+'PR-0006'!$E$4*'PR-0006'!E9+'PR-0007'!$E$4*'PR-0007'!E9+'PR-0008'!$E$4*'PR-0008'!E9+'PR-0009'!$E$4*'PR-0009'!E9+'PR-0010'!$E$4*'PR-0010'!E9 -> 0 | U9: ='9400015894 PONEERS'!$X$4*'9400015894 PONEERS'!X9+'9400016451 VIDAFORM'!$J$4*'9400016451 VIDAFORM'!J9+'PO 94000171374 MASTER'!$I$4*'PO 94000171374 MASTER'!I9+'PR-0004'!$I$4*'PR-0004'!I9+'PR-0005'!$I$4*'PR-0005'!I9+'PR-0006'!$I$4*'PR-0006'!I9+'PR-0007'!$I$4*'PR-0007'!I9+'PR-0008'!$I$4*'PR-0008'!I9+'PR-0009'!$I$4*'PR-0009'!I9+'PR-0010'!$I$4*'PR-0010'!I9 -> 0 | V9: =T9-U9 -> 0 | W9: ='9400015894 PONEERS'!$AE$4*'9400015894 PONEERS'!AE9+'9400016451 VIDAFORM'!$Q$4*'9400016451 VIDAFORM'!Q9+'PO 94000171374 MASTER'!$P$4*'PO 94000171374 MASTER'!P9+'PR-0004'!$P$4*'PR-0004'!P9+'PR-0005'!$P$4*'PR-0005'!P9+'PR-0006'!$P$4*'PR-0006'!P9+'PR-0007'!$P$4*'PR-0007'!P9+'PR-0008'!$P$4*'PR-0008'!P9+'PR-0009'!$P$4*'PR-0009'!P9+'PR-0010'!$P$4*'PR-0010'!P9 -> 0 | X9: =U9-W9 -> 0 | Z9: =E9+J9+O9+T9 -> 300 | AA9: =F9+K9+P9+U9 -> 0 | AB9: =Z9-AA9 -> 300
A10: 2 | B10: ='Unit Prices'!B10 -> CK0018 | C10: ='Unit Prices'!C10 -> 14.80.02.19.06.01.00.000001 | D10: ='Unit Prices'!D10 -> cuplock Vertical 1M | E10: ='9400015894 PONEERS'!$E$1*'9400015894 PONEERS'!E10+'9400016451 VIDAFORM'!$E$1*'9400016451 VIDAFORM'!E10+'PO 94000171374 MASTER'!$E$1*'PO 94000171374 MASTER'!E10+'PR-0004'!$E$1*'PR-0004'!E10+'PR-0005'!$E$1*'PR-0005'!E10+'PR-0006'!$E$1*'PR-0006'!E10+'PR-0007'!$E$1*'PR-0007'!E10+'PR-0008'!$E$1*'PR-0008'!E10+'PR-0009'!$E$1*'PR-0009'!E10+'PR-0010'!$E$1*'PR-0010'!E10 -> 0 | F10: ='9400015894 PONEERS'!$X$1*'9400015894 PONEERS'!X10+'9400016451 VIDAFORM'!$J$1*'9400016451 VIDAFORM'!J10+'PO 94000171374 MASTER'!$I$1*'PO 94000171374 MASTER'!I10+'PR-0004'!$I$1*'PR-0004'!I10+'PR-0005'!$I$1*'PR-0005'!I10+'PR-0006'!$I$1*'PR-0006'!I10+'PR-0007'!$I$1*'PR-0007'!I10+'PR-0008'!$I$1*'PR-0008'!I10+'PR-0009'!$I$1*'PR-0009'!I10+'PR-0010'!$I$1*'PR-0010'!I10 -> 0 | G10: =E10-F10 -> 0 | H10: ='9400015894 PONEERS'!$AE$1*'9400015894 PONEERS'!AE10+'9400016451 VIDAFORM'!$Q$1*'9400016451 VIDAFORM'!Q10+'PO 94000171374 MASTER'!$P$1*'PO 94000171374 MASTER'!P10+'PR-0004'!$P$1*'PR-0004'!P10+'PR-0005'!$P$1*'PR-0005'!P10+'PR-0006'!$P$1*'PR-0006'!P10+'PR-0007'!$P$1*'PR-0007'!P10+'PR-0008'!$P$1*'PR-0008'!P10+'PR-0009'!$P$1*'PR-0009'!P10+'PR-0010'!$P$1*'PR-0010'!P10 -> 0 | I10: =F10-H10 -> 0 | J10: ='9400015894 PONEERS'!$E$2*'9400015894 PONEERS'!E10+'9400016451 VIDAFORM'!$E$2*'9400016451 VIDAFORM'!E10+'PO 94000171374 MASTER'!$E$2*'PO 94000171374 MASTER'!E10+'PR-0004'!$E$2*'PR-0004'!E10+'PR-0005'!$E$2*'PR-0005'!E10+'PR-0006'!$E$2*'PR-0006'!E10+'PR-0007'!$E$2*'PR-0007'!E10+'PR-0008'!$E$2*'PR-0008'!E10+'PR-0009'!$E$2*'PR-0009'!E10+'PR-0010'!$E$2*'PR-0010'!E10 -> 0 | K10: ='9400015894 PONEERS'!$X$2*'9400015894 PONEERS'!X10+'9400016451 VIDAFORM'!$J$2*'9400016451 VIDAFORM'!J10+'PO 94000171374 MASTER'!$I$2*'PO 94000171374 MASTER'!I10+'PR-0004'!$I$2*'PR-0004'!I10+'PR-0005'!$I$2*'PR-0005'!I10+'PR-0006'!$I$2*'PR-0006'!I10+'PR-0007'!$I$2*'PR-0007'!I10+'PR-0008'!$I$2*'PR-0008'!I10+'PR-0009'!$I$2*'PR-0009'!I10+'PR-0010'!$I$2*'PR-0010'!I10 -> 0 | L10: =J10-K10 -> 0 | M10: ='9400015894 PONEERS'!$AE$2*'9400015894 PONEERS'!AE10+'9400016451 VIDAFORM'!$Q$2*'9400016451 VIDAFORM'!Q10+'PO 94000171374 MASTER'!$P$2*'PO 94000171374 MASTER'!P10+'PR-0004'!$P$2*'PR-0004'!P10+'PR-0005'!$P$2*'PR-0005'!P10+'PR-0006'!$P$2*'PR-0006'!P10+'PR-0007'!$P$2*'PR-0007'!P10+'PR-0008'!$P$2*'PR-0008'!P10+'PR-0009'!$P$2*'PR-0009'!P10+'PR-0010'!$P$2*'PR-0010'!P10 -> 0 | N10: =K10-M10 -> 0 | O10: ='9400015894 PONEERS'!$E$3*'9400015894 PONEERS'!E10+'9400016451 VIDAFORM'!$E$3*'9400016451 VIDAFORM'!E10+'PO 94000171374 MASTER'!$E$3*'PO 94000171374 MASTER'!E10+'PR-0004'!$E$3*'PR-0004'!E10+'PR-0005'!$E$3*'PR-0005'!E10+'PR-0006'!$E$3*'PR-0006'!E10+'PR-0007'!$E$3*'PR-0007'!E10+'PR-0008'!$E$3*'PR-0008'!E10+'PR-0009'!$E$3*'PR-0009'!E10+'PR-0010'!$E$3*'PR-0010'!E10 -> 900 | P10: ='9400015894 PONEERS'!$X$3*'9400015894 PONEERS'!X10+'9400016451 VIDAFORM'!$J$3*'9400016451 VIDAFORM'!J10+'PO 94000171374 MASTER'!$I$3*'PO 94000171374 MASTER'!I10+'PR-0004'!$I$3*'PR-0004'!I10+'PR-0005'!$I$3*'PR-0005'!I10+'PR-0006'!$I$3*'PR-0006'!I10+'PR-0007'!$I$3*'PR-0007'!I10+'PR-0008'!$I$3*'PR-0008'!I10+'PR-0009'!$I$3*'PR-0009'!I10+'PR-0010'!$I$3*'PR-0010'!I10 -> 0 | Q10: =O10-P10 -> 900 | R10: ='9400015894 PONEERS'!$AE$3*'9400015894 PONEERS'!AE10+'9400016451 VIDAFORM'!$Q$3*'9400016451 VIDAFORM'!Q10+'PO 94000171374 MASTER'!$P$3*'PO 94000171374 MASTER'!P10+'PR-0004'!$P$3*'PR-0004'!P10+'PR-0005'!$P$3*'PR-0005'!P10+'PR-0006'!$P$3*'PR-0006'!P10+'PR-0007'!$P$3*'PR-0007'!P10+'PR-0008'!$P$3*'PR-0008'!P10+'PR-0009'!$P$3*'PR-0009'!P10+'PR-0010'!$P$3*'PR-0010'!P10 -> 0 | S10: =P10-R10 -> 0 | T10: ='9400015894 PONEERS'!$E$4*'9400015894 PONEERS'!E10+'9400016451 VIDAFORM'!$E$4*'9400016451 VIDAFORM'!E10+'PO 94000171374 MASTER'!$E$4*'PO 94000171374 MASTER'!E10+'PR-0004'!$E$4*'PR-0004'!E10+'PR-0005'!$E$4*'PR-0005'!E10+'PR-0006'!$E$4*'PR-0006'!E10+'PR-0007'!$E$4*'PR-0007'!E10+'PR-0008'!$E$4*'PR-0008'!E10+'PR-0009'!$E$4*'PR-0009'!E10+'PR-0010'!$E$4*'PR-0010'!E10 -> 0 | U10: ='9400015894 PONEERS'!$X$4*'9400015894 PONEERS'!X10+'9400016451 VIDAFORM'!$J$4*'9400016451 VIDAFORM'!J10+'PO 94000171374 MASTER'!$I$4*'PO 94000171374 MASTER'!I10+'PR-0004'!$I$4*'PR-0004'!I10+'PR-0005'!$I$4*'PR-0005'!I10+'PR-0006'!$I$4*'PR-0006'!I10+'PR-0007'!$I$4*'PR-0007'!I10+'PR-0008'!$I$4*'PR-0008'!I10+'PR-0009'!$I$4*'PR-0009'!I10+'PR-0010'!$I$4*'PR-0010'!I10 -> 0 | V10: =T10-U10 -> 0 | W10: ='9400015894 PONEERS'!$AE$4*'9400015894 PONEERS'!AE10+'9400016451 VIDAFORM'!$Q$4*'9400016451 VIDAFORM'!Q10+'PO 94000171374 MASTER'!$P$4*'PO 94000171374 MASTER'!P10+'PR-0004'!$P$4*'PR-0004'!P10+'PR-0005'!$P$4*'PR-0005'!P10+'PR-0006'!$P$4*'PR-0006'!P10+'PR-0007'!$P$4*'PR-0007'!P10+'PR-0008'!$P$4*'PR-0008'!P10+'PR-0009'!$P$4*'PR-0009'!P10+'PR-0010'!$P$4*'PR-0010'!P10 -> 0 | X10: =U10-W10 -> 0 | Z10: =E10+J10+O10+T10 -> 900 | AA10: =F10+K10+P10+U10 -> 0 | AB10: =Z10-AA10 -> 900
A11: 3 | B11: ='Unit Prices'!B11 -> CK0022 | C11: ='Unit Prices'!C11 -> 14.80.02.19.06.13.00.000001 | D11: ='Unit Prices'!D11 -> cuplock Vertical 1.3M | E11: ='9400015894 PONEERS'!$E$1*'9400015894 PONEERS'!E11+'9400016451 VIDAFORM'!$E$1*'9400016451 VIDAFORM'!E11+'PO 94000171374 MASTER'!$E$1*'PO 94000171374 MASTER'!E11+'PR-0004'!$E$1*'PR-0004'!E11+'PR-0005'!$E$1*'PR-0005'!E11+'PR-0006'!$E$1*'PR-0006'!E11+'PR-0007'!$E$1*'PR-0007'!E11+'PR-0008'!$E$1*'PR-0008'!E11+'PR-0009'!$E$1*'PR-0009'!E11+'PR-0010'!$E$1*'PR-0010'!E11 -> 0 | F11: ='9400015894 PONEERS'!$X$1*'9400015894 PONEERS'!X11+'9400016451 VIDAFORM'!$J$1*'9400016451 VIDAFORM'!J11+'PO 94000171374 MASTER'!$I$1*'PO 94000171374 MASTER'!I11+'PR-0004'!$I$1*'PR-0004'!I11+'PR-0005'!$I$1*'PR-0005'!I11+'PR-0006'!$I$1*'PR-0006'!I11+'PR-0007'!$I$1*'PR-0007'!I11+'PR-0008'!$I$1*'PR-0008'!I11+'PR-0009'!$I$1*'PR-0009'!I11+'PR-0010'!$I$1*'PR-0010'!I11 -> 0 | G11: =E11-F11 -> 0 | H11: ='9400015894 PONEERS'!$AE$1*'9400015894 PONEERS'!AE11+'9400016451 VIDAFORM'!$Q$1*'9400016451 VIDAFORM'!Q11+'PO 94000171374 MASTER'!$P$1*'PO 94000171374 MASTER'!P11+'PR-0004'!$P$1*'PR-0004'!P11+'PR-0005'!$P$1*'PR-0005'!P11+'PR-0006'!$P$1*'PR-0006'!P11+'PR-0007'!$P$1*'PR-0007'!P11+'PR-0008'!$P$1*'PR-0008'!P11+'PR-0009'!$P$1*'PR-0009'!P11+'PR-0010'!$P$1*'PR-0010'!P11 -> 0 | I11: =F11-H11 -> 0 | J11: ='9400015894 PONEERS'!$E$2*'9400015894 PONEERS'!E11+'9400016451 VIDAFORM'!$E$2*'9400016451 VIDAFORM'!E11+'PO 94000171374 MASTER'!$E$2*'PO 94000171374 MASTER'!E11+'PR-0004'!$E$2*'PR-0004'!E11+'PR-0005'!$E$2*'PR-0005'!E11+'PR-0006'!$E$2*'PR-0006'!E11+'PR-0007'!$E$2*'PR-0007'!E11+'PR-0008'!$E$2*'PR-0008'!E11+'PR-0009'!$E$2*'PR-0009'!E11+'PR-0010'!$E$2*'PR-0010'!E11 -> 0 | K11: ='9400015894 PONEERS'!$X$2*'9400015894 PONEERS'!X11+'9400016451 VIDAFORM'!$J$2*'9400016451 VIDAFORM'!J11+'PO 94000171374 MASTER'!$I$2*'PO 94000171374 MASTER'!I11+'PR-0004'!$I$2*'PR-0004'!I11+'PR-0005'!$I$2*'PR-0005'!I11+'PR-0006'!$I$2*'PR-0006'!I11+'PR-0007'!$I$2*'PR-0007'!I11+'PR-0008'!$I$2*'PR-0008'!I11+'PR-0009'!$I$2*'PR-0009'!I11+'PR-0010'!$I$2*'PR-0010'!I11 -> 0 | L11: =J11-K11 -> 0 | M11: ='9400015894 PONEERS'!$AE$2*'9400015894 PONEERS'!AE11+'9400016451 VIDAFORM'!$Q$2*'9400016451 VIDAFORM'!Q11+'PO 94000171374 MASTER'!$P$2*'PO 94000171374 MASTER'!P11+'PR-0004'!$P$2*'PR-0004'!P11+'PR-0005'!$P$2*'PR-0005'!P11+'PR-0006'!$P$2*'PR-0006'!P11+'PR-0007'!$P$2*'PR-0007'!P11+'PR-0008'!$P$2*'PR-0008'!P11+'PR-0009'!$P$2*'PR-0009'!P11+'PR-0010'!$P$2*'PR-0010'!P11 -> 0 | N11: =K11-M11 -> 0 | O11: ='9400015894 PONEERS'!$E$3*'9400015894 PONEERS'!E11+'9400016451 VIDAFORM'!$E$3*'9400016451 VIDAFORM'!E11+'PO 94000171374 MASTER'!$E$3*'PO 94000171374 MASTER'!E11+'PR-0004'!$E$3*'PR-0004'!E11+'PR-0005'!$E$3*'PR-0005'!E11+'PR-0006'!$E$3*'PR-0006'!E11+'PR-0007'!$E$3*'PR-0007'!E11+'PR-0008'!$E$3*'PR-0008'!E11+'PR-0009'!$E$3*'PR-0009'!E11+'PR-0010'!$E$3*'PR-0010'!E11 -> 0 | P11: ='9400015894 PONEERS'!$X$3*'9400015894 PONEERS'!X11+'9400016451 VIDAFORM'!$J$3*'9400016451 VIDAFORM'!J11+'PO 94000171374 MASTER'!$I$3*'PO 94000171374 MASTER'!I11+'PR-0004'!$I$3*'PR-0004'!I11+'PR-0005'!$I$3*'PR-0005'!I11+'PR-0006'!$I$3*'PR-0006'!I11+'PR-0007'!$I$3*'PR-0007'!I11+'PR-0008'!$I$3*'PR-0008'!I11+'PR-0009'!$I$3*'PR-0009'!I11+'PR-0010'!$I$3*'PR-0010'!I11 -> 0 | Q11: =O11-P11 -> 0 | R11: ='9400015894 PONEERS'!$AE$3*'9400015894 PONEERS'!AE11+'9400016451 VIDAFORM'!$Q$3*'9400016451 VIDAFORM'!Q11+'PO 94000171374 MASTER'!$P$3*'PO 94000171374 MASTER'!P11+'PR-0004'!$P$3*'PR-0004'!P11+'PR-0005'!$P$3*'PR-0005'!P11+'PR-0006'!$P$3*'PR-0006'!P11+'PR-0007'!$P$3*'PR-0007'!P11+'PR-0008'!$P$3*'PR-0008'!P11+'PR-0009'!$P$3*'PR-0009'!P11+'PR-0010'!$P$3*'PR-0010'!P11 -> 0 | S11: =P11-R11 -> 0 | T11: ='9400015894 PONEERS'!$E$4*'9400015894 PONEERS'!E11+'9400016451 VIDAFORM'!$E$4*'9400016451 VIDAFORM'!E11+'PO 94000171374 MASTER'!$E$4*'PO 94000171374 MASTER'!E11+'PR-0004'!$E$4*'PR-0004'!E11+'PR-0005'!$E$4*'PR-0005'!E11+'PR-0006'!$E$4*'PR-0006'!E11+'PR-0007'!$E$4*'PR-0007'!E11+'PR-0008'!$E$4*'PR-0008'!E11+'PR-0009'!$E$4*'PR-0009'!E11+'PR-0010'!$E$4*'PR-0010'!E11 -> 0 | U11: ='9400015894 PONEERS'!$X$4*'9400015894 PONEERS'!X11+'9400016451 VIDAFORM'!$J$4*'9400016451 VIDAFORM'!J11+'PO 94000171374 MASTER'!$I$4*'PO 94000171374 MASTER'!I11+'PR-0004'!$I$4*'PR-0004'!I11+'PR-0005'!$I$4*'PR-0005'!I11+'PR-0006'!$I$4*'PR-0006'!I11+'PR-0007'!$I$4*'PR-0007'!I11+'PR-0008'!$I$4*'PR-0008'!I11+'PR-0009'!$I$4*'PR-0009'!I11+'PR-0010'!$I$4*'PR-0010'!I11 -> 0 | V11: =T11-U11 -> 0 | W11: ='9400015894 PONEERS'!$AE$4*'9400015894 PONEERS'!AE11+'9400016451 VIDAFORM'!$Q$4*'9400016451 VIDAFORM'!Q11+'PO 94000171374 MASTER'!$P$4*'PO 94000171374 MASTER'!P11+'PR-0004'!$P$4*'PR-0004'!P11+'PR-0005'!$P$4*'PR-0005'!P11+'PR-0006'!$P$4*'PR-0006'!P11+'PR-0007'!$P$4*'PR-0007'!P11+'PR-0008'!$P$4*'PR-0008'!P11+'PR-0009'!$P$4*'PR-0009'!P11+'PR-0010'!$P$4*'PR-0010'!P11 -> 0 | X11: =U11-W11 -> 0 | Z11: =E11+J11+O11+T11 -> 0 | AA11: =F11+K11+P11+U11 -> 0 | AB11: =Z11-AA11 -> 0
A12: 4 | B12: ='Unit Prices'!B12 -> CK0023 | C12: ='Unit Prices'!C12 -> 14.80.02.19.06.15.00.000001 | D12: ='Unit Prices'!D12 -> cuplock Vertical 1.5M | E12: ='9400015894 PONEERS'!$E$1*'9400015894 PONEERS'!E12+'9400016451 VIDAFORM'!$E$1*'9400016451 VIDAFORM'!E12+'PO 94000171374 MASTER'!$E$1*'PO 94000171374 MASTER'!E12+'PR-0004'!$E$1*'PR-0004'!E12+'PR-0005'!$E$1*'PR-0005'!E12+'PR-0006'!$E$1*'PR-0006'!E12+'PR-0007'!$E$1*'PR-0007'!E12+'PR-0008'!$E$1*'PR-0008'!E12+'PR-0009'!$E$1*'PR-0009'!E12+'PR-0010'!$E$1*'PR-0010'!E12 -> 365 | F12: ='9400015894 PONEERS'!$X$1*'9400015894 PONEERS'!X12+'9400016451 VIDAFORM'!$J$1*'9400016451 VIDAFORM'!J12+'PO 94000171374 MASTER'!$I$1*'PO 94000171374 MASTER'!I12+'PR-0004'!$I$1*'PR-0004'!I12+'PR-0005'!$I$1*'PR-0005'!I12+'PR-0006'!$I$1*'PR-0006'!I12+'PR-0007'!$I$1*'PR-0007'!I12+'PR-0008'!$I$1*'PR-0008'!I12+'PR-0009'!$I$1*'PR-0009'!I12+'PR-0010'!$I$1*'PR-0010'!I12 -> 373 | G12: =E12-F12 -> -8 | H12: ='9400015894 PONEERS'!$AE$1*'9400015894 PONEERS'!AE12+'9400016451 VIDAFORM'!$Q$1*'9400016451 VIDAFORM'!Q12+'PO 94000171374 MASTER'!$P$1*'PO 94000171374 MASTER'!P12+'PR-0004'!$P$1*'PR-0004'!P12+'PR-0005'!$P$1*'PR-0005'!P12+'PR-0006'!$P$1*'PR-0006'!P12+'PR-0007'!$P$1*'PR-0007'!P12+'PR-0008'!$P$1*'PR-0008'!P12+'PR-0009'!$P$1*'PR-0009'!P12+'PR-0010'!$P$1*'PR-0010'!P12 -> 0 | I12: =F12-H12 -> 373 | J12: ='9400015894 PONEERS'!$E$2*'9400015894 PONEERS'!E12+'9400016451 VIDAFORM'!$E$2*'9400016451 VIDAFORM'!E12+'PO 94000171374 MASTER'!$E$2*'PO 94000171374 MASTER'!E12+'PR-0004'!$E$2*'PR-0004'!E12+'PR-0005'!$E$2*'PR-0005'!E12+'PR-0006'!$E$2*'PR-0006'!E12+'PR-0007'!$E$2*'PR-0007'!E12+'PR-0008'!$E$2*'PR-0008'!E12+'PR-0009'!$E$2*'PR-0009'!E12+'PR-0010'!$E$2*'PR-0010'!E12 -> 0 | K12: ='9400015894 PONEERS'!$X$2*'9400015894 PONEERS'!X12+'9400016451 VIDAFORM'!$J$2*'9400016451 VIDAFORM'!J12+'PO 94000171374 MASTER'!$I$2*'PO 94000171374 MASTER'!I12+'PR-0004'!$I$2*'PR-0004'!I12+'PR-0005'!$I$2*'PR-0005'!I12+'PR-0006'!$I$2*'PR-0006'!I12+'PR-0007'!$I$2*'PR-0007'!I12+'PR-0008'!$I$2*'PR-0008'!I12+'PR-0009'!$I$2*'PR-0009'!I12+'PR-0010'!$I$2*'PR-0010'!I12 -> 0 | L12: =J12-K12 -> 0 | M12: ='9400015894 PONEERS'!$AE$2*'9400015894 PONEERS'!AE12+'9400016451 VIDAFORM'!$Q$2*'9400016451 VIDAFORM'!Q12+'PO 94000171374 MASTER'!$P$2*'PO 94000171374 MASTER'!P12+'PR-0004'!$P$2*'PR-0004'!P12+'PR-0005'!$P$2*'PR-0005'!P12+'PR-0006'!$P$2*'PR-0006'!P12+'PR-0007'!$P$2*'PR-0007'!P12+'PR-0008'!$P$2*'PR-0008'!P12+'PR-0009'!$P$2*'PR-0009'!P12+'PR-0010'!$P$2*'PR-0010'!P12 -> 0 | N12: =K12-M12 -> 0 | O12: ='9400015894 PONEERS'!$E$3*'9400015894 PONEERS'!E12+'9400016451 VIDAFORM'!$E$3*'9400016451 VIDAFORM'!E12+'PO 94000171374 MASTER'!$E$3*'PO 94000171374 MASTER'!E12+'PR-0004'!$E$3*'PR-0004'!E12+'PR-0005'!$E$3*'PR-0005'!E12+'PR-0006'!$E$3*'PR-0006'!E12+'PR-0007'!$E$3*'PR-0007'!E12+'PR-0008'!$E$3*'PR-0008'!E12+'PR-0009'!$E$3*'PR-0009'!E12+'PR-0010'!$E$3*'PR-0010'!E12 -> 500 | P12: ='9400015894 PONEERS'!$X$3*'9400015894 PONEERS'!X12+'9400016451 VIDAFORM'!$J$3*'9400016451 VIDAFORM'!J12+'PO 94000171374 MASTER'!$I$3*'PO 94000171374 MASTER'!I12+'PR-0004'!$I$3*'PR-0004'!I12+'PR-0005'!$I$3*'PR-0005'!I12+'PR-0006'!$I$3*'PR-0006'!I12+'PR-0007'!$I$3*'PR-0007'!I12+'PR-0008'!$I$3*'PR-0008'!I12+'PR-0009'!$I$3*'PR-0009'!I12+'PR-0010'!$I$3*'PR-0010'!I12 -> 0 | Q12: =O12-P12 -> 500 | R12: ='9400015894 PONEERS'!$AE$3*'9400015894 PONEERS'!AE12+'9400016451 VIDAFORM'!$Q$3*'9400016451 VIDAFORM'!Q12+'PO 94000171374 MASTER'!$P$3*'PO 94000171374 MASTER'!P12+'PR-0004'!$P$3*'PR-0004'!P12+'PR-0005'!$P$3*'PR-0005'!P12+'PR-0006'!$P$3*'PR-0006'!P12+'PR-0007'!$P$3*'PR-0007'!P12+'PR-0008'!$P$3*'PR-0008'!P12+'PR-0009'!$P$3*'PR-0009'!P12+'PR-0010'!$P$3*'PR-0010'!P12 -> 0 | S12: =P12-R12 -> 0 | T12: ='9400015894 PONEERS'!$E$4*'9400015894 PONEERS'!E12+'9400016451 VIDAFORM'!$E$4*'9400016451 VIDAFORM'!E12+'PO 94000171374 MASTER'!$E$4*'PO 94000171374 MASTER'!E12+'PR-0004'!$E$4*'PR-0004'!E12+'PR-0005'!$E$4*'PR-0005'!E12+'PR-0006'!$E$4*'PR-0006'!E12+'PR-0007'!$E$4*'PR-0007'!E12+'PR-0008'!$E$4*'PR-0008'!E12+'PR-0009'!$E$4*'PR-0009'!E12+'PR-0010'!$E$4*'PR-0010'!E12 -> 0 | U12: ='9400015894 PONEERS'!$X$4*'9400015894 PONEERS'!X12+'9400016451 VIDAFORM'!$J$4*'9400016451 VIDAFORM'!J12+'PO 94000171374 MASTER'!$I$4*'PO 94000171374 MASTER'!I12+'PR-0004'!$I$4*'PR-0004'!I12+'PR-0005'!$I$4*'PR-0005'!I12+'PR-0006'!$I$4*'PR-0006'!I12+'PR-0007'!$I$4*'PR-0007'!I12+'PR-0008'!$I$4*'PR-0008'!I12+'PR-0009'!$I$4*'PR-0009'!I12+'PR-0010'!$I$4*'PR-0010'!I12 -> 0 | V12: =T12-U12 -> 0 | W12: ='9400015894 PONEERS'!$AE$4*'9400015894 PONEERS'!AE12+'9400016451 VIDAFORM'!$Q$4*'9400016451 VIDAFORM'!Q12+'PO 94000171374 MASTER'!$P$4*'PO 94000171374 MASTER'!P12+'PR-0004'!$P$4*'PR-0004'!P12+'PR-0005'!$P$4*'PR-0005'!P12+'PR-0006'!$P$4*'PR-0006'!P12+'PR-0007'!$P$4*'PR-0007'!P12+'PR-0008'!$P$4*'PR-0008'!P12+'PR-0009'!$P$4*'PR-0009'!P12+'PR-0010'!$P$4*'PR-0010'!P12 -> 0 | X12: =U12-W12 -> 0 | Z12: =E12+J12+O12+T12 -> 865 | AA12: =F12+K12+P12+U12 -> 373 | AB12: =Z12-AA12 -> 492
A13: 5 | B13: ='Unit Prices'!B13 -> CK0024 | C13: ='Unit Prices'!C13 -> 14.80.02.19.06.18.00.000001 | D13: ='Unit Prices'!D13 -> cuplock Vertical 1.8M | E13: ='9400015894 PONEERS'!$E$1*'9400015894 PONEERS'!E13+'9400016451 VIDAFORM'!$E$1*'9400016451 VIDAFORM'!E13+'PO 94000171374 MASTER'!$E$1*'PO 94000171374 MASTER'!E13+'PR-0004'!$E$1*'PR-0004'!E13+'PR-0005'!$E$1*'PR-0005'!E13+'PR-0006'!$E$1*'PR-0006'!E13+'PR-0007'!$E$1*'PR-0007'!E13+'PR-0008'!$E$1*'PR-0008'!E13+'PR-0009'!$E$1*'PR-0009'!E13+'PR-0010'!$E$1*'PR-0010'!E13 -> 0 | F13: ='9400015894 PONEERS'!$X$1*'9400015894 PONEERS'!X13+'9400016451 VIDAFORM'!$J$1*'9400016451 VIDAFORM'!J13+'PO 94000171374 MASTER'!$I$1*'PO 94000171374 MASTER'!I13+'PR-0004'!$I$1*'PR-0004'!I13+'PR-0005'!$I$1*'PR-0005'!I13+'PR-0006'!$I$1*'PR-0006'!I13+'PR-0007'!$I$1*'PR-0007'!I13+'PR-0008'!$I$1*'PR-0008'!I13+'PR-0009'!$I$1*'PR-0009'!I13+'PR-0010'!$I$1*'PR-0010'!I13 -> 0 | G13: =E13-F13 -> 0 | H13: ='9400015894 PONEERS'!$AE$1*'9400015894 PONEERS'!AE13+'9400016451 VIDAFORM'!$Q$1*'9400016451 VIDAFORM'!Q13+'PO 94000171374 MASTER'!$P$1*'PO 94000171374 MASTER'!P13+'PR-0004'!$P$1*'PR-0004'!P13+'PR-0005'!$P$1*'PR-0005'!P13+'PR-0006'!$P$1*'PR-0006'!P13+'PR-0007'!$P$1*'PR-0007'!P13+'PR-0008'!$P$1*'PR-0008'!P13+'PR-0009'!$P$1*'PR-0009'!P13+'PR-0010'!$P$1*'PR-0010'!P13 -> 0 | I13: =F13-H13 -> 0 | J13: ='9400015894 PONEERS'!$E$2*'9400015894 PONEERS'!E13+'9400016451 VIDAFORM'!$E$2*'9400016451 VIDAFORM'!E13+'PO 94000171374 MASTER'!$E$2*'PO 94000171374 MASTER'!E13+'PR-0004'!$E$2*'PR-0004'!E13+'PR-0005'!$E$2*'PR-0005'!E13+'PR-0006'!$E$2*'PR-0006'!E13+'PR-0007'!$E$2*'PR-0007'!E13+'PR-0008'!$E$2*'PR-0008'!E13+'PR-0009'!$E$2*'PR-0009'!E13+'PR-0010'!$E$2*'PR-0010'!E13 -> 0 | K13: ='9400015894 PONEERS'!$X$2*'9400015894 PONEERS'!X13+'9400016451 VIDAFORM'!$J$2*'9400016451 VIDAFORM'!J13+'PO 94000171374 MASTER'!$I$2*'PO 94000171374 MASTER'!I13+'PR-0004'!$I$2*'PR-0004'!I13+'PR-0005'!$I$2*'PR-0005'!I13+'PR-0006'!$I$2*'PR-0006'!I13+'PR-0007'!$I$2*'PR-0007'!I13+'PR-0008'!$I$2*'PR-0008'!I13+'PR-0009'!$I$2*'PR-0009'!I13+'PR-0010'!$I$2*'PR-0010'!I13 -> 0 | L13: =J13-K13 -> 0 | M13: ='9400015894 PONEERS'!$AE$2*'9400015894 PONEERS'!AE13+'9400016451 VIDAFORM'!$Q$2*'9400016451 VIDAFORM'!Q13+'PO 94000171374 MASTER'!$P$2*'PO 94000171374 MASTER'!P13+'PR-0004'!$P$2*'PR-0004'!P13+'PR-0005'!$P$2*'PR-0005'!P13+'PR-0006'!$P$2*'PR-0006'!P13+'PR-0007'!$P$2*'PR-0007'!P13+'PR-0008'!$P$2*'PR-0008'!P13+'PR-0009'!$P$2*'PR-0009'!P13+'PR-0010'!$P$2*'PR-0010'!P13 -> 0 | N13: =K13-M13 -> 0 | O13: ='9400015894 PONEERS'!$E$3*'9400015894 PONEERS'!E13+'9400016451 VIDAFORM'!$E$3*'9400016451 VIDAFORM'!E13+'PO 94000171374 MASTER'!$E$3*'PO 94000171374 MASTER'!E13+'PR-0004'!$E$3*'PR-0004'!E13+'PR-0005'!$E$3*'PR-0005'!E13+'PR-0006'!$E$3*'PR-0006'!E13+'PR-0007'!$E$3*'PR-0007'!E13+'PR-0008'!$E$3*'PR-0008'!E13+'PR-0009'!$E$3*'PR-0009'!E13+'PR-0010'!$E$3*'PR-0010'!E13 -> 0 | P13: ='9400015894 PONEERS'!$X$3*'9400015894 PONEERS'!X13+'9400016451 VIDAFORM'!$J$3*'9400016451 VIDAFORM'!J13+'PO 94000171374 MASTER'!$I$3*'PO 94000171374 MASTER'!I13+'PR-0004'!$I$3*'PR-0004'!I13+'PR-0005'!$I$3*'PR-0005'!I13+'PR-0006'!$I$3*'PR-0006'!I13+'PR-0007'!$I$3*'PR-0007'!I13+'PR-0008'!$I$3*'PR-0008'!I13+'PR-0009'!$I$3*'PR-0009'!I13+'PR-0010'!$I$3*'PR-0010'!I13 -> 0 | Q13: =O13-P13 -> 0 | R13: ='9400015894 PONEERS'!$AE$3*'9400015894 PONEERS'!AE13+'9400016451 VIDAFORM'!$Q$3*'9400016451 VIDAFORM'!Q13+'PO 94000171374 MASTER'!$P$3*'PO 94000171374 MASTER'!P13+'PR-0004'!$P$3*'PR-0004'!P13+'PR-0005'!$P$3*'PR-0005'!P13+'PR-0006'!$P$3*'PR-0006'!P13+'PR-0007'!$P$3*'PR-0007'!P13+'PR-0008'!$P$3*'PR-0008'!P13+'PR-0009'!$P$3*'PR-0009'!P13+'PR-0010'!$P$3*'PR-0010'!P13 -> 0 | S13: =P13-R13 -> 0 | T13: ='9400015894 PONEERS'!$E$4*'9400015894 PONEERS'!E13+'9400016451 VIDAFORM'!$E$4*'9400016451 VIDAFORM'!E13+'PO 94000171374 MASTER'!$E$4*'PO 94000171374 MASTER'!E13+'PR-0004'!$E$4*'PR-0004'!E13+'PR-0005'!$E$4*'PR-0005'!E13+'PR-0006'!$E$4*'PR-0006'!E13+'PR-0007'!$E$4*'PR-0007'!E13+'PR-0008'!$E$4*'PR-0008'!E13+'PR-0009'!$E$4*'PR-0009'!E13+'PR-0010'!$E$4*'PR-0010'!E13 -> 0 | U13: ='9400015894 PONEERS'!$X$4*'9400015894 PONEERS'!X13+'9400016451 VIDAFORM'!$J$4*'9400016451 VIDAFORM'!J13+'PO 94000171374 MASTER'!$I$4*'PO 94000171374 MASTER'!I13+'PR-0004'!$I$4*'PR-0004'!I13+'PR-0005'!$I$4*'PR-0005'!I13+'PR-0006'!$I$4*'PR-0006'!I13+'PR-0007'!$I$4*'PR-0007'!I13+'PR-0008'!$I$4*'PR-0008'!I13+'PR-0009'!$I$4*'PR-0009'!I13+'PR-0010'!$I$4*'PR-0010'!I13 -> 0 | V13: =T13-U13 -> 0 | W13: ='9400015894 PONEERS'!$AE$4*'9400015894 PONEERS'!AE13+'9400016451 VIDAFORM'!$Q$4*'9400016451 VIDAFORM'!Q13+'PO 94000171374 MASTER'!$P$4*'PO 94000171374 MASTER'!P13+'PR-0004'!$P$4*'PR-0004'!P13+'PR-0005'!$P$4*'PR-0005'!P13+'PR-0006'!$P$4*'PR-0006'!P13+'PR-0007'!$P$4*'PR-0007'!P13+'PR-0008'!$P$4*'PR-0008'!P13+'PR-0009'!$P$4*'PR-0009'!P13+'PR-0010'!$P$4*'PR-0010'!P13 -> 0 | X13: =U13-W13 -> 0 | Z13: =E13+J13+O13+T13 -> 0 | AA13: =F13+K13+P13+U13 -> 0 | AB13: =Z13-AA13 -> 0
A14: 6 | B14: ='Unit Prices'!B14 -> CK0019 | C14: ='Unit Prices'!C14 -> 14.80.02.19.06.02.00.000001 | D14: ='Unit Prices'!D14 -> cuplock Vertical 2M | E14: ='9400015894 PONEERS'!$E$1*'9400015894 PONEERS'!E14+'9400016451 VIDAFORM'!$E$1*'9400016451 VIDAFORM'!E14+'PO 94000171374 MASTER'!$E$1*'PO 94000171374 MASTER'!E14+'PR-0004'!$E$1*'PR-0004'!E14+'PR-0005'!$E$1*'PR-0005'!E14+'PR-0006'!$E$1*'PR-0006'!E14+'PR-0007'!$E$1*'PR-0007'!E14+'PR-0008'!$E$1*'PR-0008'!E14+'PR-0009'!$E$1*'PR-0009'!E14+'PR-0010'!$E$1*'PR-0010'!E14 -> 106 | F14: ='9400015894 PONEERS'!$X$1*'9400015894 PONEERS'!X14+'9400016451 VIDAFORM'!$J$1*'9400016451 VIDAFORM'!J14+'PO 94000171374 MASTER'!$I$1*'PO 94000171374 MASTER'!I14+'PR-0004'!$I$1*'PR-0004'!I14+'PR-0005'!$I$1*'PR-0005'!I14+'PR-0006'!$I$1*'PR-0006'!I14+'PR-0007'!$I$1*'PR-0007'!I14+'PR-0008'!$I$1*'PR-0008'!I14+'PR-0009'!$I$1*'PR-0009'!I14+'PR-0010'!$I$1*'PR-0010'!I14 -> 76 | G14: =E14-F14 -> 30 | H14: ='9400015894 PONEERS'!$AE$1*'9400015894 PONEERS'!AE14+'9400016451 VIDAFORM'!$Q$1*'9400016451 VIDAFORM'!Q14+'PO 94000171374 MASTER'!$P$1*'PO 94000171374 MASTER'!P14+'PR-0004'!$P$1*'PR-0004'!P14+'PR-0005'!$P$1*'PR-0005'!P14+'PR-0006'!$P$1*'PR-0006'!P14+'PR-0007'!$P$1*'PR-0007'!P14+'PR-0008'!$P$1*'PR-0008'!P14+'PR-0009'!$P$1*'PR-0009'!P14+'PR-0010'!$P$1*'PR-0010'!P14 -> 0 | I14: =F14-H14 -> 76 | J14: ='9400015894 PONEERS'!$E$2*'9400015894 PONEERS'!E14+'9400016451 VIDAFORM'!$E$2*'9400016451 VIDAFORM'!E14+'PO 94000171374 MASTER'!$E$2*'PO 94000171374 MASTER'!E14+'PR-0004'!$E$2*'PR-0004'!E14+'PR-0005'!$E$2*'PR-0005'!E14+'PR-0006'!$E$2*'PR-0006'!E14+'PR-0007'!$E$2*'PR-0007'!E14+'PR-0008'!$E$2*'PR-0008'!E14+'PR-0009'!$E$2*'PR-0009'!E14+'PR-0010'!$E$2*'PR-0010'!E14 -> 0 | K14: ='9400015894 PONEERS'!$X$2*'9400015894 PONEERS'!X14+'9400016451 VIDAFORM'!$J$2*'9400016451 VIDAFORM'!J14+'PO 94000171374 MASTER'!$I$2*'PO 94000171374 MASTER'!I14+'PR-0004'!$I$2*'PR-0004'!I14+'PR-0005'!$I$2*'PR-0005'!I14+'PR-0006'!$I$2*'PR-0006'!I14+'PR-0007'!$I$2*'PR-0007'!I14+'PR-0008'!$I$2*'PR-0008'!I14+'PR-0009'!$I$2*'PR-0009'!I14+'PR-0010'!$I$2*'PR-0010'!I14 -> 0 | L14: =J14-K14 -> 0 | M14: ='9400015894 PONEERS'!$AE$2*'9400015894 PONEERS'!AE14+'9400016451 VIDAFORM'!$Q$2*'9400016451 VIDAFORM'!Q14+'PO 94000171374 MASTER'!$P$2*'PO 94000171374 MASTER'!P14+'PR-0004'!$P$2*'PR-0004'!P14+'PR-0005'!$P$2*'PR-0005'!P14+'PR-0006'!$P$2*'PR-0006'!P14+'PR-0007'!$P$2*'PR-0007'!P14+'PR-0008'!$P$2*'PR-0008'!P14+'PR-0009'!$P$2*'PR-0009'!P14+'PR-0010'!$P$2*'PR-0010'!P14 -> 0 | N14: =K14-M14 -> 0 | O14: ='9400015894 PONEERS'!$E$3*'9400015894 PONEERS'!E14+'9400016451 VIDAFORM'!$E$3*'9400016451 VIDAFORM'!E14+'PO 94000171374 MASTER'!$E$3*'PO 94000171374 MASTER'!E14+'PR-0004'!$E$3*'PR-0004'!E14+'PR-0005'!$E$3*'PR-0005'!E14+'PR-0006'!$E$3*'PR-0006'!E14+'PR-0007'!$E$3*'PR-0007'!E14+'PR-0008'!$E$3*'PR-0008'!E14+'PR-0009'!$E$3*'PR-0009'!E14+'PR-0010'!$E$3*'PR-0010'!E14 -> 800 | P14: ='9400015894 PONEERS'!$X$3*'9400015894 PONEERS'!X14+'9400016451 VIDAFORM'!$J$3*'9400016451 VIDAFORM'!J14+'PO 94000171374 MASTER'!$I$3*'PO 94000171374 MASTER'!I14+'PR-0004'!$I$3*'PR-0004'!I14+'PR-0005'!$I$3*'PR-0005'!I14+'PR-0006'!$I$3*'PR-0006'!I14+'PR-0007'!$I$3*'PR-0007'!I14+'PR-0008'!$I$3*'PR-0008'!I14+'PR-0009'!$I$3*'PR-0009'!I14+'PR-0010'!$I$3*'PR-0010'!I14 -> 0 | Q14: =O14-P14 -> 800 | R14: ='9400015894 PONEERS'!$AE$3*'9400015894 PONEERS'!AE14+'9400016451 VIDAFORM'!$Q$3*'9400016451 VIDAFORM'!Q14+'PO 94000171374 MASTER'!$P$3*'PO 94000171374 MASTER'!P14+'PR-0004'!$P$3*'PR-0004'!P14+'PR-0005'!$P$3*'PR-0005'!P14+'PR-0006'!$P$3*'PR-0006'!P14+'PR-0007'!$P$3*'PR-0007'!P14+'PR-0008'!$P$3*'PR-0008'!P14+'PR-0009'!$P$3*'PR-0009'!P14+'PR-0010'!$P$3*'PR-0010'!P14 -> 0 | S14: =P14-R14 -> 0 | T14: ='9400015894 PONEERS'!$E$4*'9400015894 PONEERS'!E14+'9400016451 VIDAFORM'!$E$4*'9400016451 VIDAFORM'!E14+'PO 94000171374 MASTER'!$E$4*'PO 94000171374 MASTER'!E14+'PR-0004'!$E$4*'PR-0004'!E14+'PR-0005'!$E$4*'PR-0005'!E14+'PR-0006'!$E$4*'PR-0006'!E14+'PR-0007'!$E$4*'PR-0007'!E14+'PR-0008'!$E$4*'PR-0008'!E14+'PR-0009'!$E$4*'PR-0009'!E14+'PR-0010'!$E$4*'PR-0010'!E14 -> 0 | U14: ='9400015894 PONEERS'!$X$4*'9400015894 PONEERS'!X14+'9400016451 VIDAFORM'!$J$4*'9400016451 VIDAFORM'!J14+'PO 94000171374 MASTER'!$I$4*'PO 94000171374 MASTER'!I14+'PR-0004'!$I$4*'PR-0004'!I14+'PR-0005'!$I$4*'PR-0005'!I14+'PR-0006'!$I$4*'PR-0006'!I14+'PR-0007'!$I$4*'PR-0007'!I14+'PR-0008'!$I$4*'PR-0008'!I14+'PR-0009'!$I$4*'PR-0009'!I14+'PR-0010'!$I$4*'PR-0010'!I14 -> 0 | V14: =T14-U14 -> 0 | W14: ='9400015894 PONEERS'!$AE$4*'9400015894 PONEERS'!AE14+'9400016451 VIDAFORM'!$Q$4*'9400016451 VIDAFORM'!Q14+'PO 94000171374 MASTER'!$P$4*'PO 94000171374 MASTER'!P14+'PR-0004'!$P$4*'PR-0004'!P14+'PR-0005'!$P$4*'PR-0005'!P14+'PR-0006'!$P$4*'PR-0006'!P14+'PR-0007'!$P$4*'PR-0007'!P14+'PR-0008'!$P$4*'PR-0008'!P14+'PR-0009'!$P$4*'PR-0009'!P14+'PR-0010'!$P$4*'PR-0010'!P14 -> 0 | X14: =U14-W14 -> 0 | Z14: =E14+J14+O14+T14 -> 906 | AA14: =F14+K14+P14+U14 -> 76 | AB14: =Z14-AA14 -> 830
A15: 7 | B15: ='Unit Prices'!B15 -> CK0025 | C15: ='Unit Prices'!C15 -> 14.80.02.19.06.23.00.000001 | D15: ='Unit Prices'!D15 -> cuplock Vertical 2.3M | E15: ='9400015894 PONEERS'!$E$1*'9400015894 PONEERS'!E15+'9400016451 VIDAFORM'!$E$1*'9400016451 VIDAFORM'!E15+'PO 94000171374 MASTER'!$E$1*'PO 94000171374 MASTER'!E15+'PR-0004'!$E$1*'PR-0004'!E15+'PR-0005'!$E$1*'PR-0005'!E15+'PR-0006'!$E$1*'PR-0006'!E15+'PR-0007'!$E$1*'PR-0007'!E15+'PR-0008'!$E$1*'PR-0008'!E15+'PR-0009'!$E$1*'PR-0009'!E15+'PR-0010'!$E$1*'PR-0010'!E15 -> 0 | F15: ='9400015894 PONEERS'!$X$1*'9400015894 PONEERS'!X15+'9400016451 VIDAFORM'!$J$1*'9400016451 VIDAFORM'!J15+'PO 94000171374 MASTER'!$I$1*'PO 94000171374 MASTER'!I15+'PR-0004'!$I$1*'PR-0004'!I15+'PR-0005'!$I$1*'PR-0005'!I15+'PR-0006'!$I$1*'PR-0006'!I15+'PR-0007'!$I$1*'PR-0007'!I15+'PR-0008'!$I$1*'PR-0008'!I15+'PR-0009'!$I$1*'PR-0009'!I15+'PR-0010'!$I$1*'PR-0010'!I15 -> 0 | G15: =E15-F15 -> 0 | H15: ='9400015894 PONEERS'!$AE$1*'9400015894 PONEERS'!AE15+'9400016451 VIDAFORM'!$Q$1*'9400016451 VIDAFORM'!Q15+'PO 94000171374 MASTER'!$P$1*'PO 94000171374 MASTER'!P15+'PR-0004'!$P$1*'PR-0004'!P15+'PR-0005'!$P$1*'PR-0005'!P15+'PR-0006'!$P$1*'PR-0006'!P15+'PR-0007'!$P$1*'PR-0007'!P15+'PR-0008'!$P$1*'PR-0008'!P15+'PR-0009'!$P$1*'PR-0009'!P15+'PR-0010'!$P$1*'PR-0010'!P15 -> 0 | I15: =F15-H15 -> 0 | J15: ='9400015894 PONEERS'!$E$2*'9400015894 PONEERS'!E15+'9400016451 VIDAFORM'!$E$2*'9400016451 VIDAFORM'!E15+'PO 94000171374 MASTER'!$E$2*'PO 94000171374 MASTER'!E15+'PR-0004'!$E$2*'PR-0004'!E15+'PR-0005'!$E$2*'PR-0005'!E15+'PR-0006'!$E$2*'PR-0006'!E15+'PR-0007'!$E$2*'PR-0007'!E15+'PR-0008'!$E$2*'PR-0008'!E15+'PR-0009'!$E$2*'PR-0009'!E15+'PR-0010'!$E$2*'PR-0010'!E15 -> 0 | K15: ='9400015894 PONEERS'!$X$2*'9400015894 PONEERS'!X15+'9400016451 VIDAFORM'!$J$2*'9400016451 VIDAFORM'!J15+'PO 94000171374 MASTER'!$I$2*'PO 94000171374 MASTER'!I15+'PR-0004'!$I$2*'PR-0004'!I15+'PR-0005'!$I$2*'PR-0005'!I15+'PR-0006'!$I$2*'PR-0006'!I15+'PR-0007'!$I$2*'PR-0007'!I15+'PR-0008'!$I$2*'PR-0008'!I15+'PR-0009'!$I$2*'PR-0009'!I15+'PR-0010'!$I$2*'PR-0010'!I15 -> 0 | L15: =J15-K15 -> 0 | M15: ='9400015894 PONEERS'!$AE$2*'9400015894 PONEERS'!AE15+'9400016451 VIDAFORM'!$Q$2*'9400016451 VIDAFORM'!Q15+'PO 94000171374 MASTER'!$P$2*'PO 94000171374 MASTER'!P15+'PR-0004'!$P$2*'PR-0004'!P15+'PR-0005'!$P$2*'PR-0005'!P15+'PR-0006'!$P$2*'PR-0006'!P15+'PR-0007'!$P$2*'PR-0007'!P15+'PR-0008'!$P$2*'PR-0008'!P15+'PR-0009'!$P$2*'PR-0009'!P15+'PR-0010'!$P$2*'PR-0010'!P15 -> 0 | N15: =K15-M15 -> 0 | O15: ='9400015894 PONEERS'!$E$3*'9400015894 PONEERS'!E15+'9400016451 VIDAFORM'!$E$3*'9400016451 VIDAFORM'!E15+'PO 94000171374 MASTER'!$E$3*'PO 94000171374 MASTER'!E15+'PR-0004'!$E$3*'PR-0004'!E15+'PR-0005'!$E$3*'PR-0005'!E15+'PR-0006'!$E$3*'PR-0006'!E15+'PR-0007'!$E$3*'PR-0007'!E15+'PR-0008'!$E$3*'PR-0008'!E15+'PR-0009'!$E$3*'PR-0009'!E15+'PR-0010'!$E$3*'PR-0010'!E15 -> 0 | P15: ='9400015894 PONEERS'!$X$3*'9400015894 PONEERS'!X15+'9400016451 VIDAFORM'!$J$3*'9400016451 VIDAFORM'!J15+'PO 94000171374 MASTER'!$I$3*'PO 94000171374 MASTER'!I15+'PR-0004'!$I$3*'PR-0004'!I15+'PR-0005'!$I$3*'PR-0005'!I15+'PR-0006'!$I$3*'PR-0006'!I15+'PR-0007'!$I$3*'PR-0007'!I15+'PR-0008'!$I$3*'PR-0008'!I15+'PR-0009'!$I$3*'PR-0009'!I15+'PR-0010'!$I$3*'PR-0010'!I15 -> 0 | Q15: =O15-P15 -> 0 | R15: ='9400015894 PONEERS'!$AE$3*'9400015894 PONEERS'!AE15+'9400016451 VIDAFORM'!$Q$3*'9400016451 VIDAFORM'!Q15+'PO 94000171374 MASTER'!$P$3*'PO 94000171374 MASTER'!P15+'PR-0004'!$P$3*'PR-0004'!P15+'PR-0005'!$P$3*'PR-0005'!P15+'PR-0006'!$P$3*'PR-0006'!P15+'PR-0007'!$P$3*'PR-0007'!P15+'PR-0008'!$P$3*'PR-0008'!P15+'PR-0009'!$P$3*'PR-0009'!P15+'PR-0010'!$P$3*'PR-0010'!P15 -> 0 | S15: =P15-R15 -> 0 | T15: ='9400015894 PONEERS'!$E$4*'9400015894 PONEERS'!E15+'9400016451 VIDAFORM'!$E$4*'9400016451 VIDAFORM'!E15+'PO 94000171374 MASTER'!$E$4*'PO 94000171374 MASTER'!E15+'PR-0004'!$E$4*'PR-0004'!E15+'PR-0005'!$E$4*'PR-0005'!E15+'PR-0006'!$E$4*'PR-0006'!E15+'PR-0007'!$E$4*'PR-0007'!E15+'PR-0008'!$E$4*'PR-0008'!E15+'PR-0009'!$E$4*'PR-0009'!E15+'PR-0010'!$E$4*'PR-0010'!E15 -> 0 | U15: ='9400015894 PONEERS'!$X$4*'9400015894 PONEERS'!X15+'9400016451 VIDAFORM'!$J$4*'9400016451 VIDAFORM'!J15+'PO 94000171374 MASTER'!$I$4*'PO 94000171374 MASTER'!I15+'PR-0004'!$I$4*'PR-0004'!I15+'PR-0005'!$I$4*'PR-0005'!I15+'PR-0006'!$I$4*'PR-0006'!I15+'PR-0007'!$I$4*'PR-0007'!I15+'PR-0008'!$I$4*'PR-0008'!I15+'PR-0009'!$I$4*'PR-0009'!I15+'PR-0010'!$I$4*'PR-0010'!I15 -> 0 | V15: =T15-U15 -> 0 | W15: ='9400015894 PONEERS'!$AE$4*'9400015894 PONEERS'!AE15+'9400016451 VIDAFORM'!$Q$4*'9400016451 VIDAFORM'!Q15+'PO 94000171374 MASTER'!$P$4*'PO 94000171374 MASTER'!P15+'PR-0004'!$P$4*'PR-0004'!P15+'PR-0005'!$P$4*'PR-0005'!P15+'PR-0006'!$P$4*'PR-0006'!P15+'PR-0007'!$P$4*'PR-0007'!P15+'PR-0008'!$P$4*'PR-0008'!P15+'PR-0009'!$P$4*'PR-0009'!P15+'PR-0010'!$P$4*'PR-0010'!P15 -> 0 | X15: =U15-W15 -> 0 | Z15: =E15+J15+O15+T15 -> 0 | AA15: =F15+K15+P15+U15 -> 0 | AB15: =Z15-AA15 -> 0
A16: 8 | B16: ='Unit Prices'!B16 -> CK0026 | C16: ='Unit Prices'!C16 -> 14.80.02.19.06.25.00.000001 | D16: ='Unit Prices'!D16 -> cuplock Vertical 2.5M | E16: ='9400015894 PONEERS'!$E$1*'9400015894 PONEERS'!E16+'9400016451 VIDAFORM'!$E$1*'9400016451 VIDAFORM'!E16+'PO 94000171374 MASTER'!$E$1*'PO 94000171374 MASTER'!E16+'PR-0004'!$E$1*'PR-0004'!E16+'PR-0005'!$E$1*'PR-0005'!E16+'PR-0006'!$E$1*'PR-0006'!E16+'PR-0007'!$E$1*'PR-0007'!E16+'PR-0008'!$E$1*'PR-0008'!E16+'PR-0009'!$E$1*'PR-0009'!E16+'PR-0010'!$E$1*'PR-0010'!E16 -> 370 | F16: ='9400015894 PONEERS'!$X$1*'9400015894 PONEERS'!X16+'9400016451 VIDAFORM'!$J$1*'9400016451 VIDAFORM'!J16+'PO 94000171374 MASTER'!$I$1*'PO 94000171374 MASTER'!I16+'PR-0004'!$I$1*'PR-0004'!I16+'PR-0005'!$I$1*'PR-0005'!I16+'PR-0006'!$I$1*'PR-0006'!I16+'PR-0007'!$I$1*'PR-0007'!I16+'PR-0008'!$I$1*'PR-0008'!I16+'PR-0009'!$I$1*'PR-0009'!I16+'PR-0010'!$I$1*'PR-0010'!I16 -> 169 | G16: =E16-F16 -> 201 | H16: ='9400015894 PONEERS'!$AE$1*'9400015894 PONEERS'!AE16+'9400016451 VIDAFORM'!$Q$1*'9400016451 VIDAFORM'!Q16+'PO 94000171374 MASTER'!$P$1*'PO 94000171374 MASTER'!P16+'PR-0004'!$P$1*'PR-0004'!P16+'PR-0005'!$P$1*'PR-0005'!P16+'PR-0006'!$P$1*'PR-0006'!P16+'PR-0007'!$P$1*'PR-0007'!P16+'PR-0008'!$P$1*'PR-0008'!P16+'PR-0009'!$P$1*'PR-0009'!P16+'PR-0010'!$P$1*'PR-0010'!P16 -> 0 | I16: =F16-H16 -> 169 | J16: ='9400015894 PONEERS'!$E$2*'9400015894 PONEERS'!E16+'9400016451 VIDAFORM'!$E$2*'9400016451 VIDAFORM'!E16+'PO 94000171374 MASTER'!$E$2*'PO 94000171374 MASTER'!E16+'PR-0004'!$E$2*'PR-0004'!E16+'PR-0005'!$E$2*'PR-0005'!E16+'PR-0006'!$E$2*'PR-0006'!E16+'PR-0007'!$E$2*'PR-0007'!E16+'PR-0008'!$E$2*'PR-0008'!E16+'PR-0009'!$E$2*'PR-0009'!E16+'PR-0010'!$E$2*'PR-0010'!E16 -> 0 | K16: ='9400015894 PONEERS'!$X$2*'9400015894 PONEERS'!X16+'9400016451 VIDAFORM'!$J$2*'9400016451 VIDAFORM'!J16+'PO 94000171374 MASTER'!$I$2*'PO 94000171374 MASTER'!I16+'PR-0004'!$I$2*'PR-0004'!I16+'PR-0005'!$I$2*'PR-0005'!I16+'PR-0006'!$I$2*'PR-0006'!I16+'PR-0007'!$I$2*'PR-0007'!I16+'PR-0008'!$I$2*'PR-0008'!I16+'PR-0009'!$I$2*'PR-0009'!I16+'PR-0010'!$I$2*'PR-0010'!I16 -> 0 | L16: =J16-K16 -> 0 | M16: ='9400015894 PONEERS'!$AE$2*'9400015894 PONEERS'!AE16+'9400016451 VIDAFORM'!$Q$2*'9400016451 VIDAFORM'!Q16+'PO 94000171374 MASTER'!$P$2*'PO 94000171374 MASTER'!P16+'PR-0004'!$P$2*'PR-0004'!P16+'PR-0005'!$P$2*'PR-0005'!P16+'PR-0006'!$P$2*'PR-0006'!P16+'PR-0007'!$P$2*'PR-0007'!P16+'PR-0008'!$P$2*'PR-0008'!P16+'PR-0009'!$P$2*'PR-0009'!P16+'PR-0010'!$P$2*'PR-0010'!P16 -> 0 | N16: =K16-M16 -> 0 | O16: ='9400015894 PONEERS'!$E$3*'9400015894 PONEERS'!E16+'9400016451 VIDAFORM'!$E$3*'9400016451 VIDAFORM'!E16+'PO 94000171374 MASTER'!$E$3*'PO 94000171374 MASTER'!E16+'PR-0004'!$E$3*'PR-0004'!E16+'PR-0005'!$E$3*'PR-0005'!E16+'PR-0006'!$E$3*'PR-0006'!E16+'PR-0007'!$E$3*'PR-0007'!E16+'PR-0008'!$E$3*'PR-0008'!E16+'PR-0009'!$E$3*'PR-0009'!E16+'PR-0010'!$E$3*'PR-0010'!E16 -> 0 | P16: ='9400015894 PONEERS'!$X$3*'9400015894 PONEERS'!X16+'9400016451 VIDAFORM'!$J$3*'9400016451 VIDAFORM'!J16+'PO 94000171374 MASTER'!$I$3*'PO 94000171374 MASTER'!I16+'PR-0004'!$I$3*'PR-0004'!I16+'PR-0005'!$I$3*'PR-0005'!I16+'PR-0006'!$I$3*'PR-0006'!I16+'PR-0007'!$I$3*'PR-0007'!I16+'PR-0008'!$I$3*'PR-0008'!I16+'PR-0009'!$I$3*'PR-0009'!I16+'PR-0010'!$I$3*'PR-0010'!I16 -> 0 | Q16: =O16-P16 -> 0 | R16: ='9400015894 PONEERS'!$AE$3*'9400015894 PONEERS'!AE16+'9400016451 VIDAFORM'!$Q$3*'9400016451 VIDAFORM'!Q16+'PO 94000171374 MASTER'!$P$3*'PO 94000171374 MASTER'!P16+'PR-0004'!$P$3*'PR-0004'!P16+'PR-0005'!$P$3*'PR-0005'!P16+'PR-0006'!$P$3*'PR-0006'!P16+'PR-0007'!$P$3*'PR-0007'!P16+'PR-0008'!$P$3*'PR-0008'!P16+'PR-0009'!$P$3*'PR-0009'!P16+'PR-0010'!$P$3*'PR-0010'!P16 -> 0 | S16: =P16-R16 -> 0 | T16: ='9400015894 PONEERS'!$E$4*'9400015894 PONEERS'!E16+'9400016451 VIDAFORM'!$E$4*'9400016451 VIDAFORM'!E16+'PO 94000171374 MASTER'!$E$4*'PO 94000171374 MASTER'!E16+'PR-0004'!$E$4*'PR-0004'!E16+'PR-0005'!$E$4*'PR-0005'!E16+'PR-0006'!$E$4*'PR-0006'!E16+'PR-0007'!$E$4*'PR-0007'!E16+'PR-0008'!$E$4*'PR-0008'!E16+'PR-0009'!$E$4*'PR-0009'!E16+'PR-0010'!$E$4*'PR-0010'!E16 -> 0 | U16: ='9400015894 PONEERS'!$X$4*'9400015894 PONEERS'!X16+'9400016451 VIDAFORM'!$J$4*'9400016451 VIDAFORM'!J16+'PO 94000171374 MASTER'!$I$4*'PO 94000171374 MASTER'!I16+'PR-0004'!$I$4*'PR-0004'!I16+'PR-0005'!$I$4*'PR-0005'!I16+'PR-0006'!$I$4*'PR-0006'!I16+'PR-0007'!$I$4*'PR-0007'!I16+'PR-0008'!$I$4*'PR-0008'!I16+'PR-0009'!$I$4*'PR-0009'!I16+'PR-0010'!$I$4*'PR-0010'!I16 -> 0 | V16: =T16-U16 -> 0 | W16: ='9400015894 PONEERS'!$AE$4*'9400015894 PONEERS'!AE16+'9400016451 VIDAFORM'!$Q$4*'9400016451 VIDAFORM'!Q16+'PO 94000171374 MASTER'!$P$4*'PO 94000171374 MASTER'!P16+'PR-0004'!$P$4*'PR-0004'!P16+'PR-0005'!$P$4*'PR-0005'!P16+'PR-0006'!$P$4*'PR-0006'!P16+'PR-0007'!$P$4*'PR-0007'!P16+'PR-0008'!$P$4*'PR-0008'!P16+'PR-0009'!$P$4*'PR-0009'!P16+'PR-0010'!$P$4*'PR-0010'!P16 -> 0 | X16: =U16-W16 -> 0 | Z16: =E16+J16+O16+T16 -> 370 | AA16: =F16+K16+P16+U16 -> 169 | AB16: =Z16-AA16 -> 201
A17: 9 | B17: ='Unit Prices'!B17 -> CK0027 | C17: ='Unit Prices'!C17 -> 14.80.02.19.06.28.00.000001 | D17: ='Unit Prices'!D17 -> cuplock Vertical 2.8M | E17: ='9400015894 PONEERS'!$E$1*'9400015894 PONEERS'!E17+'9400016451 VIDAFORM'!$E$1*'9400016451 VIDAFORM'!E17+'PO 94000171374 MASTER'!$E$1*'PO 94000171374 MASTER'!E17+'PR-0004'!$E$1*'PR-0004'!E17+'PR-0005'!$E$1*'PR-0005'!E17+'PR-0006'!$E$1*'PR-0006'!E17+'PR-0007'!$E$1*'PR-0007'!E17+'PR-0008'!$E$1*'PR-0008'!E17+'PR-0009'!$E$1*'PR-0009'!E17+'PR-0010'!$E$1*'PR-0010'!E17 -> 0 | F17: ='9400015894 PONEERS'!$X$1*'9400015894 PONEERS'!X17+'9400016451 VIDAFORM'!$J$1*'9400016451 VIDAFORM'!J17+'PO 94000171374 MASTER'!$I$1*'PO 94000171374 MASTER'!I17+'PR-0004'!$I$1*'PR-0004'!I17+'PR-0005'!$I$1*'PR-0005'!I17+'PR-0006'!$I$1*'PR-0006'!I17+'PR-0007'!$I$1*'PR-0007'!I17+'PR-0008'!$I$1*'PR-0008'!I17+'PR-0009'!$I$1*'PR-0009'!I17+'PR-0010'!$I$1*'PR-0010'!I17 -> 0 | G17: =E17-F17 -> 0 | H17: ='9400015894 PONEERS'!$AE$1*'9400015894 PONEERS'!AE17+'9400016451 VIDAFORM'!$Q$1*'9400016451 VIDAFORM'!Q17+'PO 94000171374 MASTER'!$P$1*'PO 94000171374 MASTER'!P17+'PR-0004'!$P$1*'PR-0004'!P17+'PR-0005'!$P$1*'PR-0005'!P17+'PR-0006'!$P$1*'PR-0006'!P17+'PR-0007'!$P$1*'PR-0007'!P17+'PR-0008'!$P$1*'PR-0008'!P17+'PR-0009'!$P$1*'PR-0009'!P17+'PR-0010'!$P$1*'PR-0010'!P17 -> 0 | I17: =F17-H17 -> 0 | J17: ='9400015894 PONEERS'!$E$2*'9400015894 PONEERS'!E17+'9400016451 VIDAFORM'!$E$2*'9400016451 VIDAFORM'!E17+'PO 94000171374 MASTER'!$E$2*'PO 94000171374 MASTER'!E17+'PR-0004'!$E$2*'PR-0004'!E17+'PR-0005'!$E$2*'PR-0005'!E17+'PR-0006'!$E$2*'PR-0006'!E17+'PR-0007'!$E$2*'PR-0007'!E17+'PR-0008'!$E$2*'PR-0008'!E17+'PR-0009'!$E$2*'PR-0009'!E17+'PR-0010'!$E$2*'PR-0010'!E17 -> 0 | K17: ='9400015894 PONEERS'!$X$2*'9400015894 PONEERS'!X17+'9400016451 VIDAFORM'!$J$2*'9400016451 VIDAFORM'!J17+'PO 94000171374 MASTER'!$I$2*'PO 94000171374 MASTER'!I17+'PR-0004'!$I$2*'PR-0004'!I17+'PR-0005'!$I$2*'PR-0005'!I17+'PR-0006'!$I$2*'PR-0006'!I17+'PR-0007'!$I$2*'PR-0007'!I17+'PR-0008'!$I$2*'PR-0008'!I17+'PR-0009'!$I$2*'PR-0009'!I17+'PR-0010'!$I$2*'PR-0010'!I17 -> 0 | L17: =J17-K17 -> 0 | M17: ='9400015894 PONEERS'!$AE$2*'9400015894 PONEERS'!AE17+'9400016451 VIDAFORM'!$Q$2*'9400016451 VIDAFORM'!Q17+'PO 94000171374 MASTER'!$P$2*'PO 94000171374 MASTER'!P17+'PR-0004'!$P$2*'PR-0004'!P17+'PR-0005'!$P$2*'PR-0005'!P17+'PR-0006'!$P$2*'PR-0006'!P17+'PR-0007'!$P$2*'PR-0007'!P17+'PR-0008'!$P$2*'PR-0008'!P17+'PR-0009'!$P$2*'PR-0009'!P17+'PR-0010'!$P$2*'PR-0010'!P17 -> 0 | N17: =K17-M17 -> 0 | O17: ='9400015894 PONEERS'!$E$3*'9400015894 PONEERS'!E17+'9400016451 VIDAFORM'!$E$3*'9400016451 VIDAFORM'!E17+'PO 94000171374 MASTER'!$E$3*'PO 94000171374 MASTER'!E17+'PR-0004'!$E$3*'PR-0004'!E17+'PR-0005'!$E$3*'PR-0005'!E17+'PR-0006'!$E$3*'PR-0006'!E17+'PR-0007'!$E$3*'PR-0007'!E17+'PR-0008'!$E$3*'PR-0008'!E17+'PR-0009'!$E$3*'PR-0009'!E17+'PR-0010'!$E$3*'PR-0010'!E17 -> 0 | P17: ='9400015894 PONEERS'!$X$3*'9400015894 PONEERS'!X17+'9400016451 VIDAFORM'!$J$3*'9400016451 VIDAFORM'!J17+'PO 94000171374 MASTER'!$I$3*'PO 94000171374 MASTER'!I17+'PR-0004'!$I$3*'PR-0004'!I17+'PR-0005'!$I$3*'PR-0005'!I17+'PR-0006'!$I$3*'PR-0006'!I17+'PR-0007'!$I$3*'PR-0007'!I17+'PR-0008'!$I$3*'PR-0008'!I17+'PR-0009'!$I$3*'PR-0009'!I17+'PR-0010'!$I$3*'PR-0010'!I17 -> 0 | Q17: =O17-P17 -> 0 | R17: ='9400015894 PONEERS'!$AE$3*'9400015894 PONEERS'!AE17+'9400016451 VIDAFORM'!$Q$3*'9400016451 VIDAFORM'!Q17+'PO 94000171374 MASTER'!$P$3*'PO 94000171374 MASTER'!P17+'PR-0004'!$P$3*'PR-0004'!P17+'PR-0005'!$P$3*'PR-0005'!P17+'PR-0006'!$P$3*'PR-0006'!P17+'PR-0007'!$P$3*'PR-0007'!P17+'PR-0008'!$P$3*'PR-0008'!P17+'PR-0009'!$P$3*'PR-0009'!P17+'PR-0010'!$P$3*'PR-0010'!P17 -> 0 | S17: =P17-R17 -> 0 | T17: ='9400015894 PONEERS'!$E$4*'9400015894 PONEERS'!E17+'9400016451 VIDAFORM'!$E$4*'9400016451 VIDAFORM'!E17+'PO 94000171374 MASTER'!$E$4*'PO 94000171374 MASTER'!E17+'PR-0004'!$E$4*'PR-0004'!E17+'PR-0005'!$E$4*'PR-0005'!E17+'PR-0006'!$E$4*'PR-0006'!E17+'PR-0007'!$E$4*'PR-0007'!E17+'PR-0008'!$E$4*'PR-0008'!E17+'PR-0009'!$E$4*'PR-0009'!E17+'PR-0010'!$E$4*'PR-0010'!E17 -> 0 | U17: ='9400015894 PONEERS'!$X$4*'9400015894 PONEERS'!X17+'9400016451 VIDAFORM'!$J$4*'9400016451 VIDAFORM'!J17+'PO 94000171374 MASTER'!$I$4*'PO 94000171374 MASTER'!I17+'PR-0004'!$I$4*'PR-0004'!I17+'PR-0005'!$I$4*'PR-0005'!I17+'PR-0006'!$I$4*'PR-0006'!I17+'PR-0007'!$I$4*'PR-0007'!I17+'PR-0008'!$I$4*'PR-0008'!I17+'PR-0009'!$I$4*'PR-0009'!I17+'PR-0010'!$I$4*'PR-0010'!I17 -> 0 | V17: =T17-U17 -> 0 | W17: ='9400015894 PONEERS'!$AE$4*'9400015894 PONEERS'!AE17+'9400016451 VIDAFORM'!$Q$4*'9400016451 VIDAFORM'!Q17+'PO 94000171374 MASTER'!$P$4*'PO 94000171374 MASTER'!P17+'PR-0004'!$P$4*'PR-0004'!P17+'PR-0005'!$P$4*'PR-0005'!P17+'PR-0006'!$P$4*'PR-0006'!P17+'PR-0007'!$P$4*'PR-0007'!P17+'PR-0008'!$P$4*'PR-0008'!P17+'PR-0009'!$P$4*'PR-0009'!P17+'PR-0010'!$P$4*'PR-0010'!P17 -> 0 | X17: =U17-W17 -> 0 | Z17: =E17+J17+O17+T17 -> 0 | AA17: =F17+K17+P17+U17 -> 0 | AB17: =Z17-AA17 -> 0
A18: 10 | B18: ='Unit Prices'!B18 -> CK0020 | C18: ='Unit Prices'!C18 -> 14.80.02.19.06.03.00.000001 | D18: ='Unit Prices'!D18 -> cuplock Vertical 3M | E18: ='9400015894 PONEERS'!$E$1*'9400015894 PONEERS'!E18+'9400016451 VIDAFORM'!$E$1*'9400016451 VIDAFORM'!E18+'PO 94000171374 MASTER'!$E$1*'PO 94000171374 MASTER'!E18+'PR-0004'!$E$1*'PR-0004'!E18+'PR-0005'!$E$1*'PR-0005'!E18+'PR-0006'!$E$1*'PR-0006'!E18+'PR-0007'!$E$1*'PR-0007'!E18+'PR-0008'!$E$1*'PR-0008'!E18+'PR-0009'!$E$1*'PR-0009'!E18+'PR-0010'!$E$1*'PR-0010'!E18 -> 3000 | F18: ='9400015894 PONEERS'!$X$1*'9400015894 PONEERS'!X18+'9400016451 VIDAFORM'!$J$1*'9400016451 VIDAFORM'!J18+'PO 94000171374 MASTER'!$I$1*'PO 94000171374 MASTER'!I18+'PR-0004'!$I$1*'PR-0004'!I18+'PR-0005'!$I$1*'PR-0005'!I18+'PR-0006'!$I$1*'PR-0006'!I18+'PR-0007'!$I$1*'PR-0007'!I18+'PR-0008'!$I$1*'PR-0008'!I18+'PR-0009'!$I$1*'PR-0009'!I18+'PR-0010'!$I$1*'PR-0010'!I18 -> 1506 | G18: =E18-F18 -> 1494 | H18: ='9400015894 PONEERS'!$AE$1*'9400015894 PONEERS'!AE18+'9400016451 VIDAFORM'!$Q$1*'9400016451 VIDAFORM'!Q18+'PO 94000171374 MASTER'!$P$1*'PO 94000171374 MASTER'!P18+'PR-0004'!$P$1*'PR-0004'!P18+'PR-0005'!$P$1*'PR-0005'!P18+'PR-0006'!$P$1*'PR-0006'!P18+'PR-0007'!$P$1*'PR-0007'!P18+'PR-0008'!$P$1*'PR-0008'!P18+'PR-0009'!$P$1*'PR-0009'!P18+'PR-0010'!$P$1*'PR-0010'!P18 -> 0 | I18: =F18-H18 -> 1506 | J18: ='9400015894 PONEERS'!$E$2*'9400015894 PONEERS'!E18+'9400016451 VIDAFORM'!$E$2*'9400016451 VIDAFORM'!E18+'PO 94000171374 MASTER'!$E$2*'PO 94000171374 MASTER'!E18+'PR-0004'!$E$2*'PR-0004'!E18+'PR-0005'!$E$2*'PR-0005'!E18+'PR-0006'!$E$2*'PR-0006'!E18+'PR-0007'!$E$2*'PR-0007'!E18+'PR-0008'!$E$2*'PR-0008'!E18+'PR-0009'!$E$2*'PR-0009'!E18+'PR-0010'!$E$2*'PR-0010'!E18 -> 0 | K18: ='9400015894 PONEERS'!$X$2*'9400015894 PONEERS'!X18+'9400016451 VIDAFORM'!$J$2*'9400016451 VIDAFORM'!J18+'PO 94000171374 MASTER'!$I$2*'PO 94000171374 MASTER'!I18+'PR-0004'!$I$2*'PR-0004'!I18+'PR-0005'!$I$2*'PR-0005'!I18+'PR-0006'!$I$2*'PR-0006'!I18+'PR-0007'!$I$2*'PR-0007'!I18+'PR-0008'!$I$2*'PR-0008'!I18+'PR-0009'!$I$2*'PR-0009'!I18+'PR-0010'!$I$2*'PR-0010'!I18 -> 0 | L18: =J18-K18 -> 0 | M18: ='9400015894 PONEERS'!$AE$2*'9400015894 PONEERS'!AE18+'9400016451 VIDAFORM'!$Q$2*'9400016451 VIDAFORM'!Q18+'PO 94000171374 MASTER'!$P$2*'PO 94000171374 MASTER'!P18+'PR-0004'!$P$2*'PR-0004'!P18+'PR-0005'!$P$2*'PR-0005'!P18+'PR-0006'!$P$2*'PR-0006'!P18+'PR-0007'!$P$2*'PR-0007'!P18+'PR-0008'!$P$2*'PR-0008'!P18+'PR-0009'!$P$2*'PR-0009'!P18+'PR-0010'!$P$2*'PR-0010'!P18 -> 0 | N18: =K18-M18 -> 0 | O18: ='9400015894 PONEERS'!$E$3*'9400015894 PONEERS'!E18+'9400016451 VIDAFORM'!$E$3*'9400016451 VIDAFORM'!E18+'PO 94000171374 MASTER'!$E$3*'PO 94000171374 MASTER'!E18+'PR-0004'!$E$3*'PR-0004'!E18+'PR-0005'!$E$3*'PR-0005'!E18+'PR-0006'!$E$3*'PR-0006'!E18+'PR-0007'!$E$3*'PR-0007'!E18+'PR-0008'!$E$3*'PR-0008'!E18+'PR-0009'!$E$3*'PR-0009'!E18+'PR-0010'!$E$3*'PR-0010'!E18 -> 0 | P18: ='9400015894 PONEERS'!$X$3*'9400015894 PONEERS'!X18+'9400016451 VIDAFORM'!$J$3*'9400016451 VIDAFORM'!J18+'PO 94000171374 MASTER'!$I$3*'PO 94000171374 MASTER'!I18+'PR-0004'!$I$3*'PR-0004'!I18+'PR-0005'!$I$3*'PR-0005'!I18+'PR-0006'!$I$3*'PR-0006'!I18+'PR-0007'!$I$3*'PR-0007'!I18+'PR-0008'!$I$3*'PR-0008'!I18+'PR-0009'!$I$3*'PR-0009'!I18+'PR-0010'!$I$3*'PR-0010'!I18 -> 0 | Q18: =O18-P18 -> 0 | R18: ='9400015894 PONEERS'!$AE$3*'9400015894 PONEERS'!AE18+'9400016451 VIDAFORM'!$Q$3*'9400016451 VIDAFORM'!Q18+'PO 94000171374 MASTER'!$P$3*'PO 94000171374 MASTER'!P18+'PR-0004'!$P$3*'PR-0004'!P18+'PR-0005'!$P$3*'PR-0005'!P18+'PR-0006'!$P$3*'PR-0006'!P18+'PR-0007'!$P$3*'PR-0007'!P18+'PR-0008'!$P$3*'PR-0008'!P18+'PR-0009'!$P$3*'PR-0009'!P18+'PR-0010'!$P$3*'PR-0010'!P18 -> 0 | S18: =P18-R18 -> 0 | T18: ='9400015894 PONEERS'!$E$4*'9400015894 PONEERS'!E18+'9400016451 VIDAFORM'!$E$4*'9400016451 VIDAFORM'!E18+'PO 94000171374 MASTER'!$E$4*'PO 94000171374 MASTER'!E18+'PR-0004'!$E$4*'PR-0004'!E18+'PR-0005'!$E$4*'PR-0005'!E18+'PR-0006'!$E$4*'PR-0006'!E18+'PR-0007'!$E$4*'PR-0007'!E18+'PR-0008'!$E$4*'PR-0008'!E18+'PR-0009'!$E$4*'PR-0009'!E18+'PR-0010'!$E$4*'PR-0010'!E18 -> 0 | U18: ='9400015894 PONEERS'!$X$4*'9400015894 PONEERS'!X18+'9400016451 VIDAFORM'!$J$4*'9400016451 VIDAFORM'!J18+'PO 94000171374 MASTER'!$I$4*'PO 94000171374 MASTER'!I18+'PR-0004'!$I$4*'PR-0004'!I18+'PR-0005'!$I$4*'PR-0005'!I18+'PR-0006'!$I$4*'PR-0006'!I18+'PR-0007'!$I$4*'PR-0007'!I18+'PR-0008'!$I$4*'PR-0008'!I18+'PR-0009'!$I$4*'PR-0009'!I18+'PR-0010'!$I$4*'PR-0010'!I18 -> 0 | V18: =T18-U18 -> 0 | W18: ='9400015894 PONEERS'!$AE$4*'9400015894 PONEERS'!AE18+'9400016451 VIDAFORM'!$Q$4*'9400016451 VIDAFORM'!Q18+'PO 94000171374 MASTER'!$P$4*'PO 94000171374 MASTER'!P18+'PR-0004'!$P$4*'PR-0004'!P18+'PR-0005'!$P$4*'PR-0005'!P18+'PR-0006'!$P$4*'PR-0006'!P18+'PR-0007'!$P$4*'PR-0007'!P18+'PR-0008'!$P$4*'PR-0008'!P18+'PR-0009'!$P$4*'PR-0009'!P18+'PR-0010'!$P$4*'PR-0010'!P18 -> 0 | X18: =U18-W18 -> 0 | Z18: =E18+J18+O18+T18 -> 3000 | AA18: =F18+K18+P18+U18 -> 1506 | AB18: =Z18-AA18 -> 1494
A19: 11 | B19: ='Unit Prices'!B19 -> CL0001 | C19: ='Unit Prices'!C19 -> 14.80.50.24.01.00.00.000001 | D19: ='Unit Prices'!D19 -> cuplock Spigot | E19: ='9400015894 PONEERS'!$E$1*'9400015894 PONEERS'!E19+'9400016451 VIDAFORM'!$E$1*'9400016451 VIDAFORM'!E19+'PO 94000171374 MASTER'!$E$1*'PO 94000171374 MASTER'!E19+'PR-0004'!$E$1*'PR-0004'!E19+'PR-0005'!$E$1*'PR-0005'!E19+'PR-0006'!$E$1*'PR-0006'!E19+'PR-0007'!$E$1*'PR-0007'!E19+'PR-0008'!$E$1*'PR-0008'!E19+'PR-0009'!$E$1*'PR-0009'!E19+'PR-0010'!$E$1*'PR-0010'!E19 -> 0 | F19: ='9400015894 PONEERS'!$X$1*'9400015894 PONEERS'!X19+'9400016451 VIDAFORM'!$J$1*'9400016451 VIDAFORM'!J19+'PO 94000171374 MASTER'!$I$1*'PO 94000171374 MASTER'!I19+'PR-0004'!$I$1*'PR-0004'!I19+'PR-0005'!$I$1*'PR-0005'!I19+'PR-0006'!$I$1*'PR-0006'!I19+'PR-0007'!$I$1*'PR-0007'!I19+'PR-0008'!$I$1*'PR-0008'!I19+'PR-0009'!$I$1*'PR-0009'!I19+'PR-0010'!$I$1*'PR-0010'!I19 -> 0 | G19: =E19-F19 -> 0 | H19: ='9400015894 PONEERS'!$AE$1*'9400015894 PONEERS'!AE19+'9400016451 VIDAFORM'!$Q$1*'9400016451 VIDAFORM'!Q19+'PO 94000171374 MASTER'!$P$1*'PO 94000171374 MASTER'!P19+'PR-0004'!$P$1*'PR-0004'!P19+'PR-0005'!$P$1*'PR-0005'!P19+'PR-0006'!$P$1*'PR-0006'!P19+'PR-0007'!$P$1*'PR-0007'!P19+'PR-0008'!$P$1*'PR-0008'!P19+'PR-0009'!$P$1*'PR-0009'!P19+'PR-0010'!$P$1*'PR-0010'!P19 -> 0 | I19: =F19-H19 -> 0 | J19: ='9400015894 PONEERS'!$E$2*'9400015894 PONEERS'!E19+'9400016451 VIDAFORM'!$E$2*'9400016451 VIDAFORM'!E19+'PO 94000171374 MASTER'!$E$2*'PO 94000171374 MASTER'!E19+'PR-0004'!$E$2*'PR-0004'!E19+'PR-0005'!$E$2*'PR-0005'!E19+'PR-0006'!$E$2*'PR-0006'!E19+'PR-0007'!$E$2*'PR-0007'!E19+'PR-0008'!$E$2*'PR-0008'!E19+'PR-0009'!$E$2*'PR-0009'!E19+'PR-0010'!$E$2*'PR-0010'!E19 -> 0 | K19: ='9400015894 PONEERS'!$X$2*'9400015894 PONEERS'!X19+'9400016451 VIDAFORM'!$J$2*'9400016451 VIDAFORM'!J19+'PO 94000171374 MASTER'!$I$2*'PO 94000171374 MASTER'!I19+'PR-0004'!$I$2*'PR-0004'!I19+'PR-0005'!$I$2*'PR-0005'!I19+'PR-0006'!$I$2*'PR-0006'!I19+'PR-0007'!$I$2*'PR-0007'!I19+'PR-0008'!$I$2*'PR-0008'!I19+'PR-0009'!$I$2*'PR-0009'!I19+'PR-0010'!$I$2*'PR-0010'!I19 -> 0 | L19: =J19-K19 -> 0 | M19: ='9400015894 PONEERS'!$AE$2*'9400015894 PONEERS'!AE19+'9400016451 VIDAFORM'!$Q$2*'9400016451 VIDAFORM'!Q19+'PO 94000171374 MASTER'!$P$2*'PO 94000171374 MASTER'!P19+'PR-0004'!$P$2*'PR-0004'!P19+'PR-0005'!$P$2*'PR-0005'!P19+'PR-0006'!$P$2*'PR-0006'!P19+'PR-0007'!$P$2*'PR-0007'!P19+'PR-0008'!$P$2*'PR-0008'!P19+'PR-0009'!$P$2*'PR-0009'!P19+'PR-0010'!$P$2*'PR-0010'!P19 -> 0 | N19: =K19-M19 -> 0 | O19: ='9400015894 PONEERS'!$E$3*'9400015894 PONEERS'!E19+'9400016451 VIDAFORM'!$E$3*'9400016451 VIDAFORM'!E19+'PO 94000171374 MASTER'!$E$3*'PO 94000171374 MASTER'!E19+'PR-0004'!$E$3*'PR-0004'!E19+'PR-0005'!$E$3*'PR-0005'!E19+'PR-0006'!$E$3*'PR-0006'!E19+'PR-0007'!$E$3*'PR-0007'!E19+'PR-0008'!$E$3*'PR-0008'!E19+'PR-0009'!$E$3*'PR-0009'!E19+'PR-0010'!$E$3*'PR-0010'!E19 -> 0 | P19: ='9400015894 PONEERS'!$X$3*'9400015894 PONEERS'!X19+'9400016451 VIDAFORM'!$J$3*'9400016451 VIDAFORM'!J19+'PO 94000171374 MASTER'!$I$3*'PO 94000171374 MASTER'!I19+'PR-0004'!$I$3*'PR-0004'!I19+'PR-0005'!$I$3*'PR-0005'!I19+'PR-0006'!$I$3*'PR-0006'!I19+'PR-0007'!$I$3*'PR-0007'!I19+'PR-0008'!$I$3*'PR-0008'!I19+'PR-0009'!$I$3*'PR-0009'!I19+'PR-0010'!$I$3*'PR-0010'!I19 -> 0 | Q19: =O19-P19 -> 0 | R19: ='9400015894 PONEERS'!$AE$3*'9400015894 PONEERS'!AE19+'9400016451 VIDAFORM'!$Q$3*'9400016451 VIDAFORM'!Q19+'PO 94000171374 MASTER'!$P$3*'PO 94000171374 MASTER'!P19+'PR-0004'!$P$3*'PR-0004'!P19+'PR-0005'!$P$3*'PR-0005'!P19+'PR-0006'!$P$3*'PR-0006'!P19+'PR-0007'!$P$3*'PR-0007'!P19+'PR-0008'!$P$3*'PR-0008'!P19+'PR-0009'!$P$3*'PR-0009'!P19+'PR-0010'!$P$3*'PR-0010'!P19 -> 0 | S19: =P19-R19 -> 0 | T19: ='9400015894 PONEERS'!$E$4*'9400015894 PONEERS'!E19+'9400016451 VIDAFORM'!$E$4*'9400016451 VIDAFORM'!E19+'PO 94000171374 MASTER'!$E$4*'PO 94000171374 MASTER'!E19+'PR-0004'!$E$4*'PR-0004'!E19+'PR-0005'!$E$4*'PR-0005'!E19+'PR-0006'!$E$4*'PR-0006'!E19+'PR-0007'!$E$4*'PR-0007'!E19+'PR-0008'!$E$4*'PR-0008'!E19+'PR-0009'!$E$4*'PR-0009'!E19+'PR-0010'!$E$4*'PR-0010'!E19 -> 0 | U19: ='9400015894 PONEERS'!$X$4*'9400015894 PONEERS'!X19+'9400016451 VIDAFORM'!$J$4*'9400016451 VIDAFORM'!J19+'PO 94000171374 MASTER'!$I$4*'PO 94000171374 MASTER'!I19+'PR-0004'!$I$4*'PR-0004'!I19+'PR-0005'!$I$4*'PR-0005'!I19+'PR-0006'!$I$4*'PR-0006'!I19+'PR-0007'!$I$4*'PR-0007'!I19+'PR-0008'!$I$4*'PR-0008'!I19+'PR-0009'!$I$4*'PR-0009'!I19+'PR-0010'!$I$4*'PR-0010'!I19 -> 0 | V19: =T19-U19 -> 0 | W19: ='9400015894 PONEERS'!$AE$4*'9400015894 PONEERS'!AE19+'9400016451 VIDAFORM'!$Q$4*'9400016451 VIDAFORM'!Q19+'PO 94000171374 MASTER'!$P$4*'PO 94000171374 MASTER'!P19+'PR-0004'!$P$4*'PR-0004'!P19+'PR-0005'!$P$4*'PR-0005'!P19+'PR-0006'!$P$4*'PR-0006'!P19+'PR-0007'!$P$4*'PR-0007'!P19+'PR-0008'!$P$4*'PR-0008'!P19+'PR-0009'!$P$4*'PR-0009'!P19+'PR-0010'!$P$4*'PR-0010'!P19 -> 0 | X19: =U19-W19 -> 0 | Z19: =E19+J19+O19+T19 -> 0 | AA19: =F19+K19+P19+U19 -> 0 | AB19: =Z19-AA19 -> 0
A20: 12 | B20: ='Unit Prices'!B20 -> CK0006 | C20: ='Unit Prices'!C20 -> 14.80.02.19.04.04.00.000001 | D20: ='Unit Prices'!D20 -> cuplock Ledger 0.4M | E20: ='9400015894 PONEERS'!$E$1*'9400015894 PONEERS'!E20+'9400016451 VIDAFORM'!$E$1*'9400016451 VIDAFORM'!E20+'PO 94000171374 MASTER'!$E$1*'PO 94000171374 MASTER'!E20+'PR-0004'!$E$1*'PR-0004'!E20+'PR-0005'!$E$1*'PR-0005'!E20+'PR-0006'!$E$1*'PR-0006'!E20+'PR-0007'!$E$1*'PR-0007'!E20+'PR-0008'!$E$1*'PR-0008'!E20+'PR-0009'!$E$1*'PR-0009'!E20+'PR-0010'!$E$1*'PR-0010'!E20 -> 0 | F20: ='9400015894 PONEERS'!$X$1*'9400015894 PONEERS'!X20+'9400016451 VIDAFORM'!$J$1*'9400016451 VIDAFORM'!J20+'PO 94000171374 MASTER'!$I$1*'PO 94000171374 MASTER'!I20+'PR-0004'!$I$1*'PR-0004'!I20+'PR-0005'!$I$1*'PR-0005'!I20+'PR-0006'!$I$1*'PR-0006'!I20+'PR-0007'!$I$1*'PR-0007'!I20+'PR-0008'!$I$1*'PR-0008'!I20+'PR-0009'!$I$1*'PR-0009'!I20+'PR-0010'!$I$1*'PR-0010'!I20 -> 0 | G20: =E20-F20 -> 0 | H20: ='9400015894 PONEERS'!$AE$1*'9400015894 PONEERS'!AE20+'9400016451 VIDAFORM'!$Q$1*'9400016451 VIDAFORM'!Q20+'PO 94000171374 MASTER'!$P$1*'PO 94000171374 MASTER'!P20+'PR-0004'!$P$1*'PR-0004'!P20+'PR-0005'!$P$1*'PR-0005'!P20+'PR-0006'!$P$1*'PR-0006'!P20+'PR-0007'!$P$1*'PR-0007'!P20+'PR-0008'!$P$1*'PR-0008'!P20+'PR-0009'!$P$1*'PR-0009'!P20+'PR-0010'!$P$1*'PR-0010'!P20 -> 0 | I20: =F20-H20 -> 0 | J20: ='9400015894 PONEERS'!$E$2*'9400015894 PONEERS'!E20+'9400016451 VIDAFORM'!$E$2*'9400016451 VIDAFORM'!E20+'PO 94000171374 MASTER'!$E$2*'PO 94000171374 MASTER'!E20+'PR-0004'!$E$2*'PR-0004'!E20+'PR-0005'!$E$2*'PR-0005'!E20+'PR-0006'!$E$2*'PR-0006'!E20+'PR-0007'!$E$2*'PR-0007'!E20+'PR-0008'!$E$2*'PR-0008'!E20+'PR-0009'!$E$2*'PR-0009'!E20+'PR-0010'!$E$2*'PR-0010'!E20 -> 0 | K20: ='9400015894 PONEERS'!$X$2*'9400015894 PONEERS'!X20+'9400016451 VIDAFORM'!$J$2*'9400016451 VIDAFORM'!J20+'PO 94000171374 MASTER'!$I$2*'PO 94000171374 MASTER'!I20+'PR-0004'!$I$2*'PR-0004'!I20+'PR-0005'!$I$2*'PR-0005'!I20+'PR-0006'!$I$2*'PR-0006'!I20+'PR-0007'!$I$2*'PR-0007'!I20+'PR-0008'!$I$2*'PR-0008'!I20+'PR-0009'!$I$2*'PR-0009'!I20+'PR-0010'!$I$2*'PR-0010'!I20 -> 0 | L20: =J20-K20 -> 0 | M20: ='9400015894 PONEERS'!$AE$2*'9400015894 PONEERS'!AE20+'9400016451 VIDAFORM'!$Q$2*'9400016451 VIDAFORM'!Q20+'PO 94000171374 MASTER'!$P$2*'PO 94000171374 MASTER'!P20+'PR-0004'!$P$2*'PR-0004'!P20+'PR-0005'!$P$2*'PR-0005'!P20+'PR-0006'!$P$2*'PR-0006'!P20+'PR-0007'!$P$2*'PR-0007'!P20+'PR-0008'!$P$2*'PR-0008'!P20+'PR-0009'!$P$2*'PR-0009'!P20+'PR-0010'!$P$2*'PR-0010'!P20 -> 0 | N20: =K20-M20 -> 0 | O20: ='9400015894 PONEERS'!$E$3*'9400015894 PONEERS'!E20+'9400016451 VIDAFORM'!$E$3*'9400016451 VIDAFORM'!E20+'PO 94000171374 MASTER'!$E$3*'PO 94000171374 MASTER'!E20+'PR-0004'!$E$3*'PR-0004'!E20+'PR-0005'!$E$3*'PR-0005'!E20+'PR-0006'!$E$3*'PR-0006'!E20+'PR-0007'!$E$3*'PR-0007'!E20+'PR-0008'!$E$3*'PR-0008'!E20+'PR-0009'!$E$3*'PR-0009'!E20+'PR-0010'!$E$3*'PR-0010'!E20 -> 0 | P20: ='9400015894 PONEERS'!$X$3*'9400015894 PONEERS'!X20+'9400016451 VIDAFORM'!$J$3*'9400016451 VIDAFORM'!J20+'PO 94000171374 MASTER'!$I$3*'PO 94000171374 MASTER'!I20+'PR-0004'!$I$3*'PR-0004'!I20+'PR-0005'!$I$3*'PR-0005'!I20+'PR-0006'!$I$3*'PR-0006'!I20+'PR-0007'!$I$3*'PR-0007'!I20+'PR-0008'!$I$3*'PR-0008'!I20+'PR-0009'!$I$3*'PR-0009'!I20+'PR-0010'!$I$3*'PR-0010'!I20 -> 0 | Q20: =O20-P20 -> 0 | R20: ='9400015894 PONEERS'!$AE$3*'9400015894 PONEERS'!AE20+'9400016451 VIDAFORM'!$Q$3*'9400016451 VIDAFORM'!Q20+'PO 94000171374 MASTER'!$P$3*'PO 94000171374 MASTER'!P20+'PR-0004'!$P$3*'PR-0004'!P20+'PR-0005'!$P$3*'PR-0005'!P20+'PR-0006'!$P$3*'PR-0006'!P20+'PR-0007'!$P$3*'PR-0007'!P20+'PR-0008'!$P$3*'PR-0008'!P20+'PR-0009'!$P$3*'PR-0009'!P20+'PR-0010'!$P$3*'PR-0010'!P20 -> 0 | S20: =P20-R20 -> 0 | T20: ='9400015894 PONEERS'!$E$4*'9400015894 PONEERS'!E20+'9400016451 VIDAFORM'!$E$4*'9400016451 VIDAFORM'!E20+'PO 94000171374 MASTER'!$E$4*'PO 94000171374 MASTER'!E20+'PR-0004'!$E$4*'PR-0004'!E20+'PR-0005'!$E$4*'PR-0005'!E20+'PR-0006'!$E$4*'PR-0006'!E20+'PR-0007'!$E$4*'PR-0007'!E20+'PR-0008'!$E$4*'PR-0008'!E20+'PR-0009'!$E$4*'PR-0009'!E20+'PR-0010'!$E$4*'PR-0010'!E20 -> 0 | U20: ='9400015894 PONEERS'!$X$4*'9400015894 PONEERS'!X20+'9400016451 VIDAFORM'!$J$4*'9400016451 VIDAFORM'!J20+'PO 94000171374 MASTER'!$I$4*'PO 94000171374 MASTER'!I20+'PR-0004'!$I$4*'PR-0004'!I20+'PR-0005'!$I$4*'PR-0005'!I20+'PR-0006'!$I$4*'PR-0006'!I20+'PR-0007'!$I$4*'PR-0007'!I20+'PR-0008'!$I$4*'PR-0008'!I20+'PR-0009'!$I$4*'PR-0009'!I20+'PR-0010'!$I$4*'PR-0010'!I20 -> 0 | V20: =T20-U20 -> 0 | W20: ='9400015894 PONEERS'!$AE$4*'9400015894 PONEERS'!AE20+'9400016451 VIDAFORM'!$Q$4*'9400016451 VIDAFORM'!Q20+'PO 94000171374 MASTER'!$P$4*'PO 94000171374 MASTER'!P20+'PR-0004'!$P$4*'PR-0004'!P20+'PR-0005'!$P$4*'PR-0005'!P20+'PR-0006'!$P$4*'PR-0006'!P20+'PR-0007'!$P$4*'PR-0007'!P20+'PR-0008'!$P$4*'PR-0008'!P20+'PR-0009'!$P$4*'PR-0009'!P20+'PR-0010'!$P$4*'PR-0010'!P20 -> 0 | X20: =U20-W20 -> 0 | Z20: =E20+J20+O20+T20 -> 0 | AA20: =F20+K20+P20+U20 -> 0 | AB20: =Z20-AA20 -> 0
... A758: 750 | B758: ='Unit Prices'!B758 -> 0 | C758: ='Unit Prices'!C758 -> 0 | D758: ='Unit Prices'!D758 -> #N/A | E758: ='9400015894 PONEERS'!$E$1*'9400015894 PONEERS'!E758+'9400016451 VIDAFORM'!$E$1*'9400016451 VIDAFORM'!E758+'PO 94000171374 MASTER'!$E$1*'PO 94000171374 MASTER'!E758+'PR-0004'!$E$1*'PR-0004'!E758+'PR-0005'!$E$1*'PR-0005'!E758+'PR-0006'!$E$1*'PR-0006'!E758+'PR-0007'!$E$1*'PR-0007'!E758+'PR-0008'!$E$1*'PR-0008'!E758+'PR-0009'!$E$1*'PR-0009'!E758+'PR-0010'!$E$1*'PR-0010'!E758 -> 0 | F758: ='9400015894 PONEERS'!$X$1*'9400015894 PONEERS'!X758+'9400016451 VIDAFORM'!$J$1*'9400016451 VIDAFORM'!J758+'PO 94000171374 MASTER'!$I$1*'PO 94000171374 MASTER'!I758+'PR-0004'!$I$1*'PR-0004'!I758+'PR-0005'!$I$1*'PR-0005'!I758+'PR-0006'!$I$1*'PR-0006'!I758+'PR-0007'!$I$1*'PR-0007'!I758+'PR-0008'!$I$1*'PR-0008'!I758+'PR-0009'!$I$1*'PR-0009'!I758+'PR-0010'!$I$1*'PR-0010'!I758 -> 0 | G758: =E758-F758 -> 0 | H758: ='9400015894 PONEERS'!$AE$1*'9400015894 PONEERS'!AE758+'9400016451 VIDAFORM'!$Q$1*'9400016451 VIDAFORM'!Q758+'PO 94000171374 MASTER'!$P$1*'PO 94000171374 MASTER'!P758+'PR-0004'!$P$1*'PR-0004'!P758+'PR-0005'!$P$1*'PR-0005'!P758+'PR-0006'!$P$1*'PR-0006'!P758+'PR-0007'!$P$1*'PR-0007'!P758+'PR-0008'!$P$1*'PR-0008'!P758+'PR-0009'!$P$1*'PR-0009'!P758+'PR-0010'!$P$1*'PR-0010'!P758 -> 0 | I758: =F758-H758 -> 0 | J758: ='9400015894 PONEERS'!$E$2*'9400015894 PONEERS'!E758+'9400016451 VIDAFORM'!$E$2*'9400016451 VIDAFORM'!E758+'PO 94000171374 MASTER'!$E$2*'PO 94000171374 MASTER'!E758+'PR-0004'!$E$2*'PR-0004'!E758+'PR-0005'!$E$2*'PR-0005'!E758+'PR-0006'!$E$2*'PR-0006'!E758+'PR-0007'!$E$2*'PR-0007'!E758+'PR-0008'!$E$2*'PR-0008'!E758+'PR-0009'!$E$2*'PR-0009'!E758+'PR-0010'!$E$2*'PR-0010'!E758 -> 0 | K758: ='9400015894 PONEERS'!$X$2*'9400015894 PONEERS'!X758+'9400016451 VIDAFORM'!$J$2*'9400016451 VIDAFORM'!J758+'PO 94000171374 MASTER'!$I$2*'PO 94000171374 MASTER'!I758+'PR-0004'!$I$2*'PR-0004'!I758+'PR-0005'!$I$2*'PR-0005'!I758+'PR-0006'!$I$2*'PR-0006'!I758+'PR-0007'!$I$2*'PR-0007'!I758+'PR-0008'!$I$2*'PR-0008'!I758+'PR-0009'!$I$2*'PR-0009'!I758+'PR-0010'!$I$2*'PR-0010'!I758 -> 0 | L758: =J758-K758 -> 0 | M758: ='9400015894 PONEERS'!$AE$2*'9400015894 PONEERS'!AE758+'9400016451 VIDAFORM'!$Q$2*'9400016451 VIDAFORM'!Q758+'PO 94000171374 MASTER'!$P$2*'PO 94000171374 MASTER'!P758+'PR-0004'!$P$2*'PR-0004'!P758+'PR-0005'!$P$2*'PR-0005'!P758+'PR-0006'!$P$2*'PR-0006'!P758+'PR-0007'!$P$2*'PR-0007'!P758+'PR-0008'!$P$2*'PR-0008'!P758+'PR-0009'!$P$2*'PR-0009'!P758+'PR-0010'!$P$2*'PR-0010'!P758 -> 0 | N758: =K758-M758 -> 0 | O758: ='9400015894 PONEERS'!$E$3*'9400015894 PONEERS'!E758+'9400016451 VIDAFORM'!$E$3*'9400016451 VIDAFORM'!E758+'PO 94000171374 MASTER'!$E$3*'PO 94000171374 MASTER'!E758+'PR-0004'!$E$3*'PR-0004'!E758+'PR-0005'!$E$3*'PR-0005'!E758+'PR-0006'!$E$3*'PR-0006'!E758+'PR-0007'!$E$3*'PR-0007'!E758+'PR-0008'!$E$3*'PR-0008'!E758+'PR-0009'!$E$3*'PR-0009'!E758+'PR-0010'!$E$3*'PR-0010'!E758 -> 0 | P758: ='9400015894 PONEERS'!$X$3*'9400015894 PONEERS'!X758+'9400016451 VIDAFORM'!$J$3*'9400016451 VIDAFORM'!J758+'PO 94000171374 MASTER'!$I$3*'PO 94000171374 MASTER'!I758+'PR-0004'!$I$3*'PR-0004'!I758+'PR-0005'!$I$3*'PR-0005'!I758+'PR-0006'!$I$3*'PR-0006'!I758+'PR-0007'!$I$3*'PR-0007'!I758+'PR-0008'!$I$3*'PR-0008'!I758+'PR-0009'!$I$3*'PR-0009'!I758+'PR-0010'!$I$3*'PR-0010'!I758 -> 0 | Q758: =O758-P758 -> 0 | R758: ='9400015894 PONEERS'!$AE$3*'9400015894 PONEERS'!AE758+'9400016451 VIDAFORM'!$Q$3*'9400016451 VIDAFORM'!Q758+'PO 94000171374 MASTER'!$P$3*'PO 94000171374 MASTER'!P758+'PR-0004'!$P$3*'PR-0004'!P758+'PR-0005'!$P$3*'PR-0005'!P758+'PR-0006'!$P$3*'PR-0006'!P758+'PR-0007'!$P$3*'PR-0007'!P758+'PR-0008'!$P$3*'PR-0008'!P758+'PR-0009'!$P$3*'PR-0009'!P758+'PR-0010'!$P$3*'PR-0010'!P758 -> 0 | S758: =P758-R758 -> 0 | T758: ='9400015894 PONEERS'!$E$4*'9400015894 PONEERS'!E758+'9400016451 VIDAFORM'!$E$4*'9400016451 VIDAFORM'!E758+'PO 94000171374 MASTER'!$E$4*'PO 94000171374 MASTER'!E758+'PR-0004'!$E$4*'PR-0004'!E758+'PR-0005'!$E$4*'PR-0005'!E758+'PR-0006'!$E$4*'PR-0006'!E758+'PR-0007'!$E$4*'PR-0007'!E758+'PR-0008'!$E$4*'PR-0008'!E758+'PR-0009'!$E$4*'PR-0009'!E758+'PR-0010'!$E$4*'PR-0010'!E758 -> 0 | U758: ='9400015894 PONEERS'!$X$4*'9400015894 PONEERS'!X758+'9400016451 VIDAFORM'!$J$4*'9400016451 VIDAFORM'!J758+'PO 94000171374 MASTER'!$I$4*'PO 94000171374 MASTER'!I758+'PR-0004'!$I$4*'PR-0004'!I758+'PR-0005'!$I$4*'PR-0005'!I758+'PR-0006'!$I$4*'PR-0006'!I758+'PR-0007'!$I$4*'PR-0007'!I758+'PR-0008'!$I$4*'PR-0008'!I758+'PR-0009'!$I$4*'PR-0009'!I758+'PR-0010'!$I$4*'PR-0010'!I758 -> 0 | V758: =T758-U758 -> 0 | W758: ='9400015894 PONEERS'!$AE$4*'9400015894 PONEERS'!AE758+'9400016451 VIDAFORM'!$Q$4*'9400016451 VIDAFORM'!Q758+'PO 94000171374 MASTER'!$P$4*'PO 94000171374 MASTER'!P758+'PR-0004'!$P$4*'PR-0004'!P758+'PR-0005'!$P$4*'PR-0005'!P758+'PR-0006'!$P$4*'PR-0006'!P758+'PR-0007'!$P$4*'PR-0007'!P758+'PR-0008'!$P$4*'PR-0008'!P758+'PR-0009'!$P$4*'PR-0009'!P758+'PR-0010'!$P$4*'PR-0010'!P758 -> 0 | X758: =U758-W758 -> 0 | Z758: =E758+J758+O758+T758 -> 0 | AA758: =F758+K758+P758+U758 -> 0 | AB758: =Z758-AA758 -> 0
D760: Total Int Hire Rate (L.E) | E760: =SUMPRODUCT(E9:E758,'Unit Prices'!#REF!) -> #REF! | F760: =SUMPRODUCT(F9:F758,'Unit Prices'!#REF!) -> #REF! | G760: =SUMPRODUCT(G9:G758,'Unit Prices'!#REF!) -> #REF! | H760: =SUMPRODUCT(H9:H758,'Unit Prices'!#REF!) -> #REF! | I760: =SUMPRODUCT(I9:I758,'Unit Prices'!#REF!) -> #REF! | J760: =SUMPRODUCT(J9:J758,'Unit Prices'!#REF!) -> #REF! | K760: =SUMPRODUCT(K9:K758,'Unit Prices'!#REF!) -> #REF! | L760: =SUMPRODUCT(L9:L758,'Unit Prices'!#REF!) -> #REF! | ... X760: =SUMPRODUCT(X9:X758,'Unit Prices'!#REF!) -> #REF! | Z760: =SUMPRODUCT(Z9:Z758,'Unit Prices'!#REF!) -> #REF! | AA760: =SUMPRODUCT(AA9:AA758,'Unit Prices'!#REF!) -> #REF! | AB760: =SUMPRODUCT(AB9:AB758,'Unit Prices'!#REF!) -> #REF!
D761: Total Ext Hire Rate (L.E) | E761: =SUMPRODUCT(E9:E758,'Unit Prices'!$F$9:$F$758) -> 253527.03 | F761: =SUMPRODUCT(F9:F758,'Unit Prices'!$F$9:$F$758) -> 168378.62 | G761: =SUMPRODUCT(G9:G758,'Unit Prices'!$F$9:$F$758) -> 85148.411 | H761: =SUMPRODUCT(H9:H758,'Unit Prices'!$F$9:$F$758) -> 0 | I761: =SUMPRODUCT(I9:I758,'Unit Prices'!$F$9:$F$758) -> 168378.62 | J761: =SUMPRODUCT(J9:J758,'Unit Prices'!$F$9:$F$758) -> 0 | K761: =SUMPRODUCT(K9:K758,'Unit Prices'!$F$9:$F$758) -> 0 | L761: =SUMPRODUCT(L9:L758,'Unit Prices'!$F$9:$F$758) -> 0 | ... X761: =SUMPRODUCT(X9:X758,'Unit Prices'!$F$9:$F$758) -> 0 | Z761: =SUMPRODUCT(Z9:Z758,'Unit Prices'!$F$9:$F$758) -> 300155.66 | AA761: =SUMPRODUCT(AA9:AA758,'Unit Prices'!$F$9:$F$758) -> 169772.87 | AB761: =SUMPRODUCT(AB9:AB758,'Unit Prices'!$F$9:$F$758) -> 130382.79
D762: Total Purch Price (L.E) | E762: =SUMPRODUCT(E9:E758,'Unit Prices'!$G$9:$G$758) -> 8384697.8 | F762: =SUMPRODUCT(F9:F758,'Unit Prices'!$G$9:$G$758) -> 5543736 | G762: =SUMPRODUCT(G9:G758,'Unit Prices'!$G$9:$G$758) -> 2840961.8 | H762: =SUMPRODUCT(H9:H758,'Unit Prices'!$G$9:$G$758) -> 0 | I762: =SUMPRODUCT(I9:I758,'Unit Prices'!$G$9:$G$758) -> 5543736 | J762: =SUMPRODUCT(J9:J758,'Unit Prices'!$G$9:$G$758) -> 0 | K762: =SUMPRODUCT(K9:K758,'Unit Prices'!$G$9:$G$758) -> 0 | L762: =SUMPRODUCT(L9:L758,'Unit Prices'!$G$9:$G$758) -> 0 | ... X762: =SUMPRODUCT(X9:X758,'Unit Prices'!$G$9:$G$758) -> 0 | Z762: =SUMPRODUCT(Z9:Z758,'Unit Prices'!$G$9:$G$758) -> 9866236.8 | AA762: =SUMPRODUCT(AA9:AA758,'Unit Prices'!$G$9:$G$758) -> 5582736 | AB762: =SUMPRODUCT(AB9:AB758,'Unit Prices'!$G$9:$G$758) -> 4283500.8
D763: Percentage % | E763: =F762/E762 -> 0.66117303 | J763: =K762/J762 -> #DIV/0! | O763: =P762/O762 -> 0.026323978 | T763: =U762/T762 -> #DIV/0! | Z763: =AA762/Z762 -> 0.56584249
